ID,username,date,text
1,菜菜小居居,2022年01月23日 22:53,对于刘学州这件事一直作为旁观者态度，不支持也不反对，但是这个脑残的某些评论真的让人下头，见你一次骂你一次，脑残母零 ​
2,FANG喜YI汕头,2022年01月23日 20:15,#刘学州##错换人生28年##孙海洋与儿子认亲现场# 五颜六色的人生，与孙家相比，刘学州认得的父母又是另一类了。其父竟要让他仍继续领“孤儿扶助金”上学；其母将他“拉黑”，说不想让他影响她的生活……还后悔当初如果找到另外有钱的“收养人家”还不止6000元哪。真该告他们。 2汕头 ​
3,成熟味影视,2022年01月23日 19:39,寻亲男孩刘学州称被生母拉黑 真的好可怜！加油，你是最棒的#娱乐综艺##明星日常# L成熟味影视的微博视频 ​
4,努力飞的鸟,2022年01月23日 15:08,想想刘学州还是觉得难过，明明看着那么漂亮的一个男孩子，如果好命在一个正常的家庭，该被父母亲人如何宠爱着，该是怎样的自信开朗！无论他有没有提过分的要求，外人都没有资格骂他！无论是情感还是物质上，他的亲生父母都欠了他的。他才15岁，满腔的心寒失望，情绪化的表达，都是因为太痛苦了！他的翅 ​  展开c
5,小野猫电影,2022年01月23日 10:04,寻亲男孩刘学州称被生母拉黑 真的好可怜！加油，你是最棒的#娱乐综艺##明星日常# L小野猫电影的微博视频 ​
6,心安定所以身安定,2022年01月23日 08:58,刘学州太可怜啦 ​
7,唐鐤,2022年01月23日 08:13,我在看：【寻亲男孩刘学州被生母拉黑，收养方亲属：生母骂孩子是“白眼狼”】 @新浪新闻 #跟新浪看热点# L寻亲男孩刘学州被生母拉黑，收养方亲属：生母骂孩子是“白眼狼” ​
8,齐鲁说事,2022年01月23日 05:57,【#河北男孩刘学州准备起诉亲生父母# ：他们理直气壮卖我，我忍无可忍，必须起诉】1月19日，河北石家庄。刘学州告诉青豆新闻记者，自己和生母见面那天，生母让他去参加弟弟12岁的生日，他称自己不该去。他说自己总共只过过2次生日，而相比之下，弟弟一次生日就能请8桌客人，他感觉到心理落差太大。据刘 ​  展开c
9,对呀怎么了,2022年01月23日 03:02,看到刘学州被父母卖了 找回来父母还把他删除那件事 我真的好心疼 ​
10,要瘦到90斤的赵光辉,2022年01月22日 23:41,#河北男孩刘学州准备起诉亲生父母#就该起诉！！买卖人口罪和遗弃罪！让他把18岁以前没出的抚养费拿出来！这种人不配当父母 ​
11,2016轻描淡写诉人生,2022年01月22日 21:49,#凤凰新闻#【认亲后“要住房”遭生母拉黑，17岁邢台男孩：要追诉生父母】17岁的河北邢台少年刘学州网络寻亲成功后，自称因住房问题被生母拉黑。1月18日，刘学州在微博上发声，“我找他们要一个属于我自己的家有错吗？”1月19日，刘学州再...O认亲后“要住房”遭生母拉黑，17岁邢台男孩：要追诉生父母来自@凤凰新闻客户端 ​
12,阿奇啊阿奇i,2022年01月22日 20:53,没经历过别人的事就不要评价在小的时候父母把他卖了，现在他去找自己的亲身父母他觉得自己的妈妈是为了找到自己摆的酒席，而事实确实那是弟弟的生日宴他要房子并没有错，可能表达方式不同，理解不同。有些人觉得是物质上了，但我猜测他想要一个家罢了但我没想到这个评论是他自己作的？？？他自己小 ​  展开c
13,宁波镇海检察,2022年01月22日 19:21,【认亲后“要住房”遭生母拉黑 17岁邢台男孩：要追诉生父母】17岁的河北邢台少年刘学州网络寻亲成功后，自称因住房问题被生母拉黑。1月18日，刘学州在微博上发声，“我找他们要一个属于我自己的家有错吗？”1月19日，刘学州再次在微博上称，将起诉其亲生父母。当晚，刘学州告诉澎湃新闻，他正在为起诉 ​  展开c
14,看见河北北哥,2022年01月22日 19:15,【#河北男孩刘学州准备起诉亲生父母# ：他们理直气壮卖我，我忍无可忍，必须起诉】1月19日，河北石家庄。刘学州告诉青豆新闻记者，自己和生母见面那天，生母让他去参加弟弟12岁的生日，他称自己不该去。他说自己总共只过过2次生日，而相比之下，弟弟一次生日就能请8桌客人，他感觉到心理落差太大。据刘 ​  展开c
15,石家庄地铁君,2022年01月22日 18:52,【#河北男孩刘学州准备起诉亲生父母# ：他们理直气壮卖我，我忍无可忍，必须起诉】1月19日，河北石家庄。刘学州告诉青豆新闻记者，自己和生母见面那天，生母让他去参加弟弟12岁的生日，他称自己不该去。他说自己总共只过过2次生日，而相比之下，弟弟一次生日就能请8桌客人，他感觉到心理落差太大。据刘 ​  展开c
16,嗨猪的家庭,2022年01月22日 15:22,【#刘学州回应生父#：他没想主动认亲，没想给我学费，没让我进家门】1月19日，河北石家庄。据红星深度消息，刘学州生父丁先生称，在DNA比对结果一出来，自己就立刻和办案民警，一同前往石家庄看望刘学州。和刘学州认亲后，了解到刘学州成绩优异，他表示愿意承担刘学州的学费和生活费。他还曾表示刘学州 ​  展开c
17,财经早餐,2022年01月22日 15:22,【#刘学州回应生父#：他没想主动认亲，没想给我学费，没让我进家门】1月19日，河北石家庄。据红星深度消息，刘学州生父丁先生称，在DNA比对结果一出来，自己就立刻和办案民警，一同前往石家庄看望刘学州。和刘学州认亲后，了解到刘学州成绩优异，他表示愿意承担刘学州的学费和生活费。他还曾表示刘学州 ​  展开c
18,新浪新闻,2022年01月22日 14:44,【#刘学州回应生父#：他没想主动认亲，没想给我学费，没让我进家门】1月19日，河北石家庄。据红星深度消息，刘学州生父丁先生称，在DNA比对结果一出来，自己就立刻和办案民警，一同前往石家庄看望刘学州。和刘学州认亲后，了解到刘学州成绩优异，他表示愿意承担刘学州的学费和生活费。他还曾表示刘学州 ​  展开c
19,邢说,2022年01月22日 13:54,#河北男孩刘学州准备起诉亲生父母# ：他们理直气壮卖我，我忍无可忍，必须起诉。 2邢台 L邢说的微博视频 ​
20,云L冷雨夜,2022年01月22日 12:35,河北15岁男孩儿刘学州回应生母 ：我没花你一分钱，不稀罕，也没逼你买房，我要的是家！（青豆新闻） L军武季的微博视频 ​​​
21,东方网1站视频,2022年01月22日 12:28,【律师解读！刘学州讲述认亲细节：父亲不愿认亲，母亲理直气壮卖我】律师解读！刘学州讲述认亲细节：父亲不愿认亲，母亲理直气壮卖我 #刘学州称生父认亲是被逼的# #律师解读刘学州认亲# L东方网1站视频的微博视频 ​​​
22,爱逗的小姐姐,2022年01月22日 11:49,河北男孩刘学州回应生母 ：我没花你一分钱，不稀罕，也没逼你买房，我要的是家#放肆趣嗨迎新季# L爱逗的小姐姐的微博视频 ​
23,法律你我知,2022年01月22日 11:49,亲生父母不愿意抚养孩子有罪吗？ #法律# #刘学州# #扶养# #遗弃罪# O绿洲 2济南 L法律你我知的微博视频 ​
24,宇宙吴天,2022年01月22日 11:40,刘学州生父身家被扒，名下拥有4家公司，因害怕离婚不给儿子买房_手机搜狐网 O刘学州生父身家被扒，名下拥有4家公司，因害怕离婚不给儿子买房就走正式的法律途径，让这样的恶人得到应有的惩罚，让人间恢复良知和爱！不要纵容 ​
25,宇宙吴天,2022年01月22日 11:38,15岁刘学州被父母二次抛弃，生父向记者哭穷，真实家境曝光_手机搜狐网 O网页链接盛世鸿达！！！谁还继续跟这公司做生意，那人也是这样的人性 ​
26,宇宙吴天,2022年01月22日 11:35,刘学州生母视频账号曝光，回应网友质疑，称当时只想孩子过得好_手机搜狐网 O刘学州生母视频账号曝光，回应网友质疑，称当时只想孩子过得好这女子和那个男的是什么样的人，真是人性缺失！ ​
27,宇宙吴天,2022年01月22日 11:28,溪子的笔记 从小被当彩礼卖了 长大被生母拉黑 寻亲男孩刘学州决定起诉父母（分享自@小红书）#小红书精选#O网页链接 可悲自私的人性！ ​
28,安徽房产台,2022年01月22日 11:28,河北15岁男孩儿刘学州回应生母 ：我没花你一分钱，不稀罕，也没逼你买房，我要的是家！（青豆新闻） L军武季的微博视频 ​
29,Drive-李美霖,2022年01月22日 11:15,网上有个小孩叫刘学州 小时候让父母卖了 长大后找到了亲生父母 爹也不要妈也不管 来回踢皮球 孩子居无定所寄人篱下 最后无奈只能起诉父母 网友骂孩子不叫人省心 没有骨气  就是为了钱 有什么样父母就有什么样的孩子  给了你生命就是永远报不完的恩 ​
30,财宝掌柜,2022年01月22日 09:52,刘学州这个小弟弟是和亲生父母杠上了，自己弟弟那么幸福过个生日摆八桌还给弟弟买了房子，自己十多年来只过过两次生日，从小被父母卖了过得颠沛流离，想要个落脚的地方还被父母拉黑，都是父母的孩子差距那么大，小小年纪的他只想要公平。现在的孩子不好糊弄了，国家应该为未成年人提供专门的法律支援， ​  展开c
31,换你回眸易笑,2022年01月22日 09:46,太可耻！孙卓悲剧再次上演，刘学州曝光录音揭开生母丑陋嘴脸。孙海洋将孙卓接回深圳以后，一家人的生活也慢慢走上正轨。孙海洋走红以后，短短的几十天，夫妻俩的社交平台粉丝总量已经超过了四百万，两人也开始直播带货。截至目前，孙妈妈的橱窗里已卖出2.5万件，销售额150万。相信有了直播带货的收入， ​  展开c
32,军武季,2022年01月22日 09:41,河北15岁男孩儿刘学州回应生母 ：我没花你一分钱，不稀罕，也没逼你买房，我要的是家！（青豆新闻） L军武季的微博视频 ​
33,忻视点,2022年01月22日 05:53,【#河北男孩刘学州回应生母#  ：我没花你一分钱，不稀罕，也没逼你买房，我要的是家】1月19日，河北石家庄。针对刘学州生母拉黑儿子，声称刘学州逼两人离婚，并威胁两人买房一事，刘学州做出回应。据他称，自己并没有逼父母离婚和买房，他只是想要一个住所，不想再过寄人篱下的生活。他说生母为了洗清 ​  展开c
34,迪然921,2022年01月22日 05:27,刘学州要起诉亲生父母！！ L迪然921的微博视频 ​
35,Valiant0326,2022年01月22日 03:27,刷公众号看到一篇有关刘学州的文章，顺藤摸瓜看完了他的微博，抖音，看完很感慨，这样的父母，也太过自私自利不负责任了，还对自己的恶劣行为丝毫不感到愧疚。有网民说刘学州心理也是不健康的，有父母的劣质基因遗传，但看了相关的信息，了解了很多关于他是事情，觉得网民还是过于苛刻了，人都有缺点， ​  展开c
36,军武季,2022年01月22日 00:30,河北男孩刘学州准备起诉亲生父母 ：他们理直气壮卖我，我忍无可忍，必须起诉 L军武季的微博视频 ​
37,寻家张媛萍,2022年01月21日 22:47,我会是“孙卓”还是“刘学州”据养父母这边的说，出生于1996年7月14日，O型血，双眼皮浓眉毛，出生后大概两三个月到的养家，抱过来的中间人现在还在世，只是没有联系，也不知道具体是在哪个地方抱出来的，所有相似情况的，可以私信我（无需转发留言）心里的大石头，安慰得了别人，劝不了自己努力过 ​  展开c
38,青豆视频,2022年01月21日 22:43,【#河北寻亲男生刘学州要起诉生父母#，律师：其生父生母涉嫌遗弃罪和拐卖儿童罪 】1月19日，河北青年报青豆新闻记者来到河北寻亲男生刘学州租住的小区。刘学州告诉记者，他下一步准备起诉他的亲生父母，来维护自己的合法权益。记者就此咨询了河北世纪联合律师事务所律师王毅，王毅表示，根据相关法律法 ​  展开c
39,青豆视频,2022年01月21日 22:40,【#河北男孩刘学州准备起诉亲生父母# ：他们理直气壮卖我，我忍无可忍，必须起诉】1月19日，河北石家庄。刘学州告诉青豆新闻记者，自己和生母见面那天，生母让他去参加弟弟12岁的生日，他称自己不该去。他说自己总共只过过2次生日，而相比之下，弟弟一次生日就能请8桌客人，他感觉到心理落差太大。据刘 ​  展开c
40,融媒体张灏,2022年01月21日 22:38,【被生母拉黑的15岁男孩靠补助租房 生父：不愿再理会】去年12月，河北17岁男孩刘学州通过网络寻亲的消息引发关注。在警方的帮助下，刘学州与亲生父母相认，今年1月初还晒出与生母的合照。然而前两天，刘学州称被生母拉黑微信，还被其称为“白眼狼”，甚至生父还回应称“不想再看到他”↓↓这些年到底发 ​  展开c
41,青豆视频,2022年01月21日 22:38,【#河北男孩刘学州回应生父# ：他没想主动认亲，没想给我学费，没让我进家门】1月19日，河北石家庄。据红星深度消息，刘学州生父丁先生称，在DNA比对结果一出来，自己就立刻和办案民警，一同前往石家庄看望刘学州。和刘学州认亲后，了解到刘学州成绩优异，他表示愿意承担刘学州的学费和生活费。他还曾 ​  展开c
42,青豆视频,2022年01月21日 22:36,【#河北男孩刘学州回应生母#  ：我没花你一分钱，不稀罕，也没逼你买房，我要的是家】1月19日，河北石家庄。针对刘学州生母拉黑儿子，声称刘学州逼两人离婚，并威胁两人买房一事，刘学州做出回应。据他称，自己并没有逼父母离婚和买房，他只是想要一个住所，不想再过寄人篱下的生活。他说生母为了洗清 ​  展开c
43,我爱围观,2022年01月21日 20:57,【被生母拉黑的15岁男孩靠补助租房 生父：不愿再理会】去年12月，河北17岁男孩刘学州通过网络寻亲的消息引发关注。在警方的帮助下，刘学州与亲生父母相认，今年1月初还晒出与生母的合照。然而前两天，刘学州称被生母拉黑微信，还被其称为“白眼狼”，甚至生父还回应称“不想再看到他”↓↓这些年到底发 ​  展开c
44,百科事务所,2022年01月21日 20:57,【被生母拉黑的15岁男孩靠补助租房 生父：不愿再理会】去年12月，河北17岁男孩刘学州通过网络寻亲的消息引发关注。在警方的帮助下，刘学州与亲生父母相认，今年1月初还晒出与生母的合照。然而前两天，刘学州称被生母拉黑微信，还被其称为“白眼狼”，甚至生父还回应称“不想再看到他”↓↓这些年到底发 ​  展开c
45,新浪新闻热榜,2022年01月21日 20:57,【被生母拉黑的15岁男孩靠补助租房 生父：不愿再理会】去年12月，河北17岁男孩刘学州通过网络寻亲的消息引发关注。在警方的帮助下，刘学州与亲生父母相认，今年1月初还晒出与生母的合照。然而前两天，刘学州称被生母拉黑微信，还被其称为“白眼狼”，甚至生父还回应称“不想再看到他”↓↓这些年到底发 ​  展开c
46,新浪视频,2022年01月21日 20:57,【被生母拉黑的15岁男孩靠补助租房 生父：不愿再理会】去年12月，河北17岁男孩刘学州通过网络寻亲的消息引发关注。在警方的帮助下，刘学州与亲生父母相认，今年1月初还晒出与生母的合照。然而前两天，刘学州称被生母拉黑微信，还被其称为“白眼狼”，甚至生父还回应称“不想再看到他”↓↓这些年到底发 ​  展开c
47,Leocardia-晓,2022年01月21日 19:47,最近看到孙卓和刘学州的经历。长大以后才明白，“比较”这个词，拥有怎样的色彩。我想，大概是人与人的差距，亲情与亲情的参差，与生俱来与与生俱来的接踵。如果不是今天我作为一个鲜活的个体，应该不会懂吧，希望下辈子可以不懂。 ​
48,李律师li-zhilawyer,2022年01月21日 18:32,分享视频 LLeezigan的微博视频 ​
49,苏州V房产,2022年01月21日 18:30,【认亲后“要住房”遭生母拉黑 17岁邢台男孩：要追诉生父母】17岁的河北邢台少年刘学州网络寻亲成功后，自称因住房问题被生母拉黑。1月18日，刘学州在微博上发声，“我找他们要一个属于我自己的家有错吗？”1月19日，刘学州再次在微博上称，将起诉其亲生父母。当晚，刘学州告诉澎湃新闻，他正在为起诉 ​  展开c
50,凌晨刚醒,2022年01月21日 16:49,刘学州这亲生父母是不上网嘛？咋这不要脸？人家孩子最低要求也就给他租个房就行了，这都不愿意！L紧急呼叫的微博视频 ​
51,数码科技探长,2022年01月21日 15:51,寻亲男孩刘学州发文，称再遭亲生父母遗弃，疑被生母亲拉黑联系方式。  ​​​#出道吧新星# L淡黄派的微博视频 ​
52,阿拉灯布丁,2022年01月21日 15:47,又看了一遍孙海洋和郭刚堂的事迹，为什么有的人可以十几年二十几年倾家荡产的寻找自己的孩子，而有的人可以亲手把自己的孩子从楼上扔下去摔死。代入一下那些丢失孩子的父母，简直就是剜心之痛。以及刘学州，亲生父母弃养，养父母在他幼年又不幸身亡，而刷到他的抖音，却有人让他去s，对他进行辱骂，是 ​  展开c
53,ACDD-苏小达达达,2022年01月21日 15:01,#刘学州#什么时候网络喷子能消失？最近看开端也是，因为网络喷子多少人被害，但这种事还是层出不穷，用自以为的解读去发表不堪的言论，有的为了博取流量，有的为了一时口嗨，有的自以为伸张正义…真的，法律请严惩这类东西吧！！！ 2成都 ​
54,风闻社区,2022年01月21日 14:18,【认亲后“要住房”遭生母拉黑 17岁邢台男孩：要追诉生父母】17岁的河北邢台少年刘学州网络寻亲成功后，自称因住房问题被生母拉黑。1月18日，刘学州在微博上发声，“我找他们要一个属于我自己的家有错吗？”1月19日，刘学州再次在微博上称，将起诉其亲生父母。当晚，刘学州告诉澎湃新闻，他正在为起诉 ​  展开c
55,腾讯新闻,2022年01月21日 12:00,【#寻亲男孩刘学州将起诉生父母# 舅妈：与同父弟弟比心里有落差】1月19日，河北邢台15岁寻亲男孩刘学州被生母“拉黑”持续引发关注。刘学州称，将起诉亲生父母。#寻亲男孩刘学州收养方舅妈发声#称，刘学州懂事成熟，现在独自在外租房并兼职养活自己，提起诉讼是因为亲生父母的做法让他寒心，同时，和同 ​  展开c
56,昆明禄劝发布,2022年01月21日 10:10,【认亲后“要住房”遭生母拉黑 17岁邢台男孩：要追诉生父母】17岁的河北邢台少年刘学州网络寻亲成功后，自称因住房问题被生母拉黑。1月18日，刘学州在微博上发声，“我找他们要一个属于我自己的家有错吗？”1月19日，刘学州再次在微博上称，将起诉其亲生父母。当晚，刘学州告诉澎湃新闻，他正在为起诉 ​  展开c
57,一嗑拉恋人,2022年01月21日 09:53,抖子刘学州同学现在每开播一次我的眼泪就要为他掉落一次历尽山河万里，归来仍是少年5555希望这位可爱阳光善良的大男孩最后可以收获到一直所追寻的家人与爱#刘学州# ​
58,平阴检察,2022年01月21日 09:43,#认亲后遭生母拉黑男孩要追诉生父母#【认亲后“要住房”遭生母拉黑，17岁邢台男孩：要追诉生父母】17岁的河北邢台少年刘学州@刘学州a 网络寻亲成功后，自称因住房问题被生母拉黑。1月18日，刘学州在微博上发声，“我找他们要一个属于我自己的家有错吗？”1月19日，刘学州再次在微博上称，将起诉其亲生 ​  展开c
59,爱钊哥爱辽篮爱芃芃,2022年01月21日 08:28,#河北邢台男生刘学州寻亲生父母#我特别不理解好多人，阴阳怪气说这么优秀还上个大专！大专怎么了，这孩子才几岁养父母就双亡，能过成现在就很优秀了！不一定因为上大专就是学习差，我亲戚家有哥哥，也是很小妈妈去世爸爸不管，姥姥拉扯中考过了重点高中重点线，但是实在供不起高中大学就上了中专！ ​
60,圈圈锅儿,2022年01月21日 08:14,#寻亲# 2021年12月6日，河北邢台17岁少年刘学州在网上寻亲。二十多天后，他见到了亲生父母。不过事情并未走向让人感动的大团圆，相反却是一地鸡毛、火星四溅。刘学州称，他在出生后就被父母卖了换钱。其父母也承认，抱养人给了他们五六千元。寻亲成功后，刘学州曾向父母提出为其买房或租房，但遭生母拒 ​  展开c
61,张靖平,2022年01月21日 08:12,《别让北京确诊的大叔，变成炸公交的夫妇！》昨天刚写完那位被亲爸亲妈拉黑的寻亲男孩刘学州，今天一张北京44岁搬运工大叔的流调，又看的让人心疼。他，是在回家过年的火车上确诊的。O网页链接他那艰辛的人生 ​
62,凤凰周刊,2022年01月21日 08:01,【认亲后“要住房”遭生母拉黑 17岁邢台男孩：要追诉生父母】17岁的河北邢台少年刘学州网络寻亲成功后，自称因住房问题被生母拉黑。1月18日，刘学州在微博上发声，“我找他们要一个属于我自己的家有错吗？”1月19日，刘学州再次在微博上称，将起诉其亲生父母。当晚，刘学州告诉澎湃新闻，他正在为起诉 ​  展开c
63,南通政法,2022年01月20日 23:48,#认亲后遭生母拉黑男孩要追诉生父母#【认亲后“要住房”遭生母拉黑，17岁邢台男孩：要追诉生父母】17岁的河北邢台少年刘学州@刘学州a 网络寻亲成功后，自称因住房问题被生母拉黑。1月18日，刘学州在微博上发声，“我找他们要一个属于我自己的家有错吗？”1月19日，刘学州再次在微博上称，将起诉其亲生 ​  展开c
64,澎湃新闻,2022年01月20日 22:11,#认亲后遭生母拉黑男孩要追诉生父母#【认亲后“要住房”遭生母拉黑，17岁邢台男孩：要追诉生父母】17岁的河北邢台少年刘学州@刘学州a 网络寻亲成功后，自称因住房问题被生母拉黑。1月18日，刘学州在微博上发声，“我找他们要一个属于我自己的家有错吗？”1月19日，刘学州再次在微博上称，将起诉其亲生 ​  展开c
65,你杠就一定是我对啦,2022年01月20日 21:45,关于刘学州要求父母买房遭到拉黑这个事情，其实真的很少评论社会热点事件，都是公说公有理，婆说婆有理，谁知道哪个说的对，但这个事情我真的太不能理解网暴这个小孩的人，他们的观点就是关于小孩不该一相认就要求买房这个事情上，所以结论就是小孩有心计小孩坏。似乎活该被父母这样对待。我就真的三观 ​  展开c
66,融媒体张灏,2022年01月20日 21:25,【买房发生争执 河北男孩认亲1月后被生母拉黑】连日来，河北邢台15岁男孩刘学州寻亲事件持续发酵。他称自己三个月大时被养父母从山西大同买过来，养父母在他四岁时意外离世。他联系上亲生父母后，得知自己曾被父母主动送人。警方组织他与亲生父母见面认亲后，刘学州提出希望亲生父母给自己买房，双方发 ​  展开c
67,初梦岁音,2022年01月20日 21:01,亲生父母卖孩子也是犯罪 刘学州应该报案 #刘学州 #拐卖儿童 #河北邢台男生刘学州寻亲生父母 ##快手# @快手 L储殷教授的快手视频 ​
68,班地2015,2022年01月20日 20:40,刘学州父母出卖自己的儿子构成什么罪。       拐卖妇女、儿童罪，是指以出卖为目的，拐骗、绑架、收买、贩卖、接送、中转妇女、儿童的行为。本罪是选择性罪名，可分解为拐卖妇女罪与拐卖儿童罪。本罪儿童的亲生父母实施上述行为同样构成。因此刘学州父母构成拐卖儿童罪。      遗弃罪是指负有扶养义 ​  展开c
69,凯迪网络,2022年01月20日 20:30,【#河北寻亲男孩将起诉生父母#】1月19日，河北邢台15岁寻亲男孩刘学州被生母“拉黑”持续引发关注。刘学州称，将起诉亲生父母。#寻亲男孩刘学州收养方舅妈发声#称，刘学州懂事成熟，现在独自在外租房并兼职养活自己，提起诉讼是因为亲生父母的做法让他寒心，同时，和同父弟弟的待遇比较后，心态变化有 ​  展开c
70,广安同城会,2022年01月20日 20:17,【#河北寻亲男孩准备起诉亲生父母# 】#河北寻亲男孩称再遭亲生父母遗弃# 去年“河北邢台男孩刘学州寻亲”一事曾引网友广泛关注，2021年12月27日，济南时报记者从刘学州处获悉，警方匹配结果比对成功，已和亲生父亲见面。本以为事情已迎来圆满的结局，1月17日，刘学州在社交平台发文，称再遭亲生父母遗 ​  展开c
71,_深_网_观_察_,2022年01月20日 19:59,孩子不是父母“制造”的商品。#寻亲男孩刘学州称再遭生父母遗弃# L_深_网_观_察_的微博视频 ​
72,武汉石佳律师,2022年01月20日 19:53,#寻亲男孩刘学州将起诉生父母# L武汉石佳律师的微博视频 ​
73,星弧权益,2022年01月20日 19:22,【#河北寻亲男孩准备起诉亲生父母# 】#河北寻亲男孩称再遭亲生父母遗弃# 去年“河北邢台男孩刘学州寻亲”一事曾引网友广泛关注，2021年12月27日，济南时报记者从刘学州处获悉，警方匹配结果比对成功，已和亲生父亲见面。本以为事情已迎来圆满的结局，1月17日，刘学州在社交平台发文，称再遭亲生父母遗 ​  展开c
74,庄儿里那点事,2022年01月20日 18:43,【#河北寻亲男孩将起诉生父母#】#河北爆料# 1月19日，河北邢台15岁寻亲男孩刘学州被生母“拉黑”持续引发关注。刘学州称，将起诉亲生父母。#寻亲男孩刘学州收养方舅妈发声#称，刘学州懂事成熟，现在独自在外租房并兼职养活自己，提起诉讼是因为亲生父母的做法让他寒心，同时，和同父弟弟的待遇比较后， ​  展开c
75,敛财师,2022年01月20日 18:21,我在看：【视频|寻亲男孩刘学州将起诉生父母。 舅妈：孩子已租房独居】 #跟新浪看热点# L寻亲男孩刘学州将起诉生父母。 舅妈：孩子已租房独居 ​
76,阿超_港媒视点,2022年01月20日 18:12,【#河北寻亲男孩准备起诉亲生父母# 】#河北寻亲男孩称再遭亲生父母遗弃# 去年“河北邢台男孩刘学州寻亲”一事曾引网友广泛关注，2021年12月27日，济南时报记者从刘学州处获悉，警方匹配结果比对成功，已和亲生父亲见面。本以为事情已迎来圆满的结局，1月17日，刘学州在社交平台发文，称再遭亲生父母遗 ​  展开c
77,湖北之声,2022年01月20日 17:38,【#河北寻亲男孩将起诉生父母#】1月19日，河北邢台15岁寻亲男孩刘学州被生母“拉黑”持续引发关注。刘学州称，将起诉亲生父母。#寻亲男孩刘学州收养方舅妈发声#称，刘学州懂事成熟，现在独自在外租房并兼职养活自己，提起诉讼是因为亲生父母的做法让他寒心，同时，和同父弟弟的待遇比较后，心态变化有 ​  展开c
78,gjlx36,2022年01月20日 17:25,刘学州回应“逼亲生父母买房”：没有逼他们，只是想要一个可落脚的地方 O网页链接 ​
79,育见新闻,2022年01月20日 17:22,【#河北寻亲男孩将起诉生父母#】1月19日，河北邢台15岁寻亲男孩刘学州被生母“拉黑”持续引发关注。刘学州称，将起诉亲生父母。#寻亲男孩刘学州收养方舅妈发声#称，刘学州懂事成熟，现在独自在外租房并兼职养活自己，提起诉讼是因为亲生父母的做法让他寒心，同时，和同父弟弟的待遇比较后，心态变化有 ​  展开c
80,广东台今日关注,2022年01月20日 17:08,【#河北寻亲男孩将起诉生父母#】1月19日，河北邢台15岁寻亲男孩刘学州被生母“拉黑”持续引发关注。刘学州称，将起诉亲生父母。#寻亲男孩刘学州收养方舅妈发声#称，刘学州懂事成熟，现在独自在外租房并兼职养活自己，提起诉讼是因为亲生父母的做法让他寒心，同时，和同父弟弟的待遇比较后，心态变化有 ​  展开c
81,明媚很勤劳,2022年01月20日 16:54,刘学州的事看得好难过，好怕这个孩子心态走极端，打官司这些事真的很磨人，更能让他看清他生父母的丑态，更难过。 ​
82,中国衡阳新闻网,2022年01月20日 16:46,【#河北寻亲男孩将起诉生父母#】1月19日，河北邢台15岁寻亲男孩刘学州被生母“拉黑”持续引发关注。刘学州称，将起诉亲生父母。#寻亲男孩刘学州收养方舅妈发声#称，刘学州懂事成熟，现在独自在外租房并兼职养活自己，提起诉讼是因为亲生父母的做法让他寒心，同时，和同父弟弟的待遇比较后，心态变化有 ​  展开c
83,网易河北,2022年01月20日 16:41,【#河北寻亲男孩将起诉生父母#】1月19日，河北邢台15岁寻亲男孩刘学州被生母“拉黑”持续引发关注。刘学州称，将起诉亲生父母。#寻亲男孩刘学州收养方舅妈发声#称，刘学州懂事成熟，现在独自在外租房并兼职养活自己，提起诉讼是因为亲生父母的做法让他寒心，同时，和同父弟弟的待遇比较后，心态变化有 ​  展开c
84,庄里微,2022年01月20日 16:36,【#河北寻亲男孩将起诉生父母#】1月19日，河北邢台15岁寻亲男孩刘学州被生母“拉黑”持续引发关注。刘学州称，将起诉亲生父母。#寻亲男孩刘学州收养方舅妈发声#称，刘学州懂事成熟，现在独自在外租房并兼职养活自己，提起诉讼是因为亲生父母的做法让他寒心，同时，和同父弟弟的待遇比较后，心态变化有 ​  展开c
85,思茅微博-中国茶城,2022年01月20日 16:23,【#河北寻亲男孩将起诉生父母#】1月19日，河北邢台15岁寻亲男孩刘学州被生母“拉黑”持续引发关注。刘学州称，将起诉亲生父母。#寻亲男孩刘学州收养方舅妈发声#称，刘学州懂事成熟，现在独自在外租房并兼职养活自己，提起诉讼是因为亲生父母的做法让他寒心，同时，和同父弟弟的待遇比较后，心态变化有 ​  展开c
86,红塔区发布,2022年01月20日 16:17,【#河北寻亲男孩将起诉生父母#】1月19日，河北邢台15岁寻亲男孩刘学州被生母“拉黑”持续引发关注。刘学州称，将起诉亲生父母。#寻亲男孩刘学州收养方舅妈发声#称，刘学州懂事成熟，现在独自在外租房并兼职养活自己，提起诉讼是因为亲生父母的做法让他寒心，同时，和同父弟弟的待遇比较后，心态变化有 ​  展开c
87,驱动中国官方,2022年01月20日 16:15,【#河北寻亲男孩将起诉生父母#】1月19日，河北邢台15岁寻亲男孩刘学州被生母“拉黑”持续引发关注。刘学州称，将起诉亲生父母。#寻亲男孩刘学州收养方舅妈发声#称，刘学州懂事成熟，现在独自在外租房并兼职养活自己，提起诉讼是因为亲生父母的做法让他寒心，同时，和同父弟弟的待遇比较后，心态变化有 ​  展开c
88,扬州电台江都广播,2022年01月20日 16:01,【男孩寻亲成功后再遭“遗弃”，亲生父母是否构成犯罪？【扬帆】】“这一切是亲生父母卖我导致的，我找他们要一个属于我自己的家有错吗？”去年年底，“河北邢台男孩刘学州寻亲”一事... O网页链接 (分享自@扬帆手机频道) ​
89,崇礼66号公社,2022年01月20日 15:53,【#河北寻亲男孩将起诉生父母#】1月19日，河北邢台15岁寻亲男孩刘学州被生母“拉黑”持续引发关注。刘学州称，将起诉亲生父母。#寻亲男孩刘学州收养方舅妈发声#称，刘学州懂事成熟，现在独自在外租房并兼职养活自己，提起诉讼是因为亲生父母的做法让他寒心，同时，和同父弟弟的待遇比较后，心态变化有 ​  展开c
90,掌上遵义0852,2022年01月20日 15:47,【#河北寻亲男孩将起诉生父母#】1月19日，河北邢台15岁寻亲男孩刘学州被生母“拉黑”持续引发关注。刘学州称，将起诉亲生父母。#寻亲男孩刘学州收养方舅妈发声#称，刘学州懂事成熟，现在独自在外租房并兼职养活自己，提起诉讼是因为亲生父母的做法让他寒心，同时，和同父弟弟的待遇比较后，心态变化有 ​  展开c
91,宁夏反邪教,2022年01月20日 15:38,【#河北寻亲男孩将起诉生父母#】1月19日，河北邢台15岁寻亲男孩刘学州被生母“拉黑”持续引发关注。刘学州称，将起诉亲生父母。#寻亲男孩刘学州收养方舅妈发声#称，刘学州懂事成熟，现在独自在外租房并兼职养活自己，提起诉讼是因为亲生父母的做法让他寒心，同时，和同父弟弟的待遇比较后，心态变化有 ​  展开c
92,长春哥说事,2022年01月20日 15:32,#我要上同城精选#【#河北寻亲男孩将起诉生父母#】1月19日，河北邢台15岁寻亲男孩刘学州被生母“拉黑”持续引发关注。刘学州称，将起诉亲生父母。#寻亲男孩刘学州收养方舅妈发声#称，刘学州懂事成熟，现在独自在外租房并兼职养活自己，提起诉讼是因为亲生父母的做法让他寒心，同时，和同父弟弟的待遇比 ​  展开c
93,潍坊论坛,2022年01月20日 15:28,#寻亲男孩将以遗弃罪起诉亲生父母#【#河北寻亲男孩准备起诉亲生父母#：起诉理由为遗弃罪和拐卖儿童罪】1月19日，河北寻亲男生刘学州发文称，本考虑放弃诉讼，但因亲生父母“颠倒黑白”，决定起诉，要与亲生父母“法庭见”。刘学州告诉齐鲁晚报·齐鲁壹点记者，他准备起诉亲生父母，起诉理由为遗弃罪和拐 ​  展开c
94,香港商報網,2022年01月20日 15:18,【#河北寻亲男孩准备起诉亲生父母# 】#河北寻亲男孩称再遭亲生父母遗弃# 去年“河北邢台男孩刘学州寻亲”一事曾引网友广泛关注，2021年12月27日，济南时报记者从刘学州处获悉，警方匹配结果比对成功，已和亲生父亲见面。本以为事情已迎来圆满的结局，1月17日，刘学州在社交平台发文，称再遭亲生父母遗 ​  展开c
95,湖北新闻,2022年01月20日 15:14,【再遭遗弃寻亲男孩刘学州：善良是有限的，法庭见！】#寻亲男孩疑似决定起诉亲生父母# #河北寻亲男孩称再遭亲生父母遗弃# 1月19日凌晨，曾发布寻亲视频、在警方协助下与亲生父母相认又再次遭遗弃的河北邢台男生刘学州发文称，“我的善良是有限的，本来已经打算放弃了，但是你们咎由自取，颠倒黑白，丝 ​  展开c
96,大庆市中级人民法院,2022年01月20日 14:49,【#河北寻亲男孩将起诉生父母#】1月19日，河北邢台15岁寻亲男孩刘学州被生母“拉黑”持续引发关注。刘学州称，将起诉亲生父母。#寻亲男孩刘学州收养方舅妈发声#称，刘学州懂事成熟，现在独自在外租房并兼职养活自己，提起诉讼是因为亲生父母的做法让他寒心，同时，和同父弟弟的待遇比较后，心态变化有 ​  展开c
97,阿超_港媒视点,2022年01月20日 14:41,【#寻亲男孩刘学州将起诉生父母# 舅妈：与同父弟弟比心里有落差】1月19日，河北邢台15岁寻亲男孩刘学州被生母“拉黑”持续引发关注。刘学州称，将起诉亲生父母。#寻亲男孩刘学州收养方舅妈发声#称，刘学州懂事成熟，现在独自在外租房并兼职养活自己，提起诉讼是因为亲生父母的做法让他寒心，同时，和同 ​  展开c
98,中国新闻网,2022年01月20日 14:37,【#河北寻亲男孩将起诉生父母#】1月19日，河北邢台15岁寻亲男孩刘学州被生母“拉黑”持续引发关注。刘学州称，将起诉亲生父母。#寻亲男孩刘学州收养方舅妈发声#称，刘学州懂事成熟，现在独自在外租房并兼职养活自己，提起诉讼是因为亲生父母的做法让他寒心，同时，和同父弟弟的待遇比较后，心态变化有 ​  展开c
99,善良的人最可爱a,2022年01月20日 14:11,#腾讯新闻# 寻亲男孩刘学州舅妈回应：孩子已租房独居 与同父弟弟比心里有落差O寻亲男孩刘学州舅妈回应：孩子已租房独居 与同父弟弟比心里有落差 L寻亲男孩刘学州将起诉生父母 舅妈：孩子已租房独居 与同父弟弟比心里有落差 来自@腾讯新闻 ​
100,小小摇拉面,2022年01月20日 13:33,#河北寻亲男孩准备起诉亲生父母##寻亲男孩将以遗弃罪起诉亲生父母#【#河北寻亲男孩准备起诉亲生父母#：起诉理由为遗弃罪和拐卖儿童罪】1月19日，河北寻亲男生刘学州发文称，本考虑放弃诉讼，但因亲生父母“颠倒黑白”，决定起诉，要与亲生父母“法庭见”。刘学州告诉齐鲁晚报·齐鲁壹点记者，他准备起诉 ​  展开c
101,东方网1站视频,2022年01月20日 13:15,【曾因找爸妈抑郁！舅妈回应刘学州起诉和买房风波：孩子心里有落差】曾因找爸妈抑郁！舅妈回应刘学州起诉和买房风波：孩子心里有落差#寻亲男孩刘学州收养方舅妈发声# L东方网1站视频的微博视频 ​​​
102,挑灯蹭网,2022年01月20日 13:07,#再遭遗弃寻亲男孩生父发声# 尽管磨难、歧视、困苦让这个孩子拥有了他这个年龄不该有的成熟，可他现在毕竟还是个孩子，或许他提出了不合理的诉求，或许他因怨言而态度不好，作为大人，我们应该向孩子展现这个世界更多的善意和美好，哪怕是弥补也好。毕竟，在这个事件中，犯有原罪的是父母，是一切罪恶 ​  展开c
103,木轻烟网络女作者,2022年01月20日 12:47,概括，刘学州他爹妈。他爹四婚，据他说，他爹还在外面养了三，四。他娘三次。当年，他爹二婚，他娘插足，未婚怀孕。他爹和第二个老婆离婚。然后，把刘学州卖了，做彩礼，结婚，生了他弟弟。然后，小三插足，他爹他娘离婚。然后，他爹又结婚了，第四次。她娘在和他爹之前，也是结过婚的，离婚， ​  展开c
104,房产攻略大全,2022年01月20日 12:15,【#再遭遗弃寻亲男孩生父发声#：他希望我们现在就为他买房 实在办不到】1月17日，曾发布寻亲视频、在警方协助下与亲生父母相认的河北邢台男生刘学州发文称，自己与生父母发生争执后，被生母微信“拉黑”，再遭“遗弃”。 刘学州在某平台直播时称，争执的起因是自己一直居无定所，希望生父母能给自己一 ​  展开c
105,赵小册,2022年01月20日 12:05,【刘学州VS红楼梦】看刘学州和他亲生父母的纠纷，真是感慨，怪不得有人说“不是所有的父亲都叫孙海洋”#刘学州##寻亲男孩刘学州称再遭生父母遗弃##孙海洋##孙卓##红楼梦# L赵小册的微博视频 ​
106,yulfei612,2022年01月20日 12:00,我在看：【寻亲男孩刘学州将起诉生父母。 舅妈：孩子已租房独居】 @新浪新闻 #跟新浪看热点# L寻亲男孩刘学州将起诉生父母。 舅妈：孩子已租房独居 ​
107,宁津公安,2022年01月20日 11:49,【#寻亲男孩刘学州将起诉生父母# 舅妈：与同父弟弟比心里有落差】1月19日，河北邢台15岁寻亲男孩刘学州被生母“拉黑”持续引发关注。刘学州称，将起诉亲生父母。#寻亲男孩刘学州收养方舅妈发声#称，刘学州懂事成熟，现在独自在外租房并兼职养活自己，提起诉讼是因为亲生父母的做法让他寒心，同时，和同 ​  展开c
108,vbhgbku,2022年01月20日 11:44,为什么在抖音上闹得轰轰烈烈的刘学州事件，在微博居然没有一点声响。刘学州就应该起诉父母，和人贩子讲什么情面？ ​
109,红彤彤_87570,2022年01月20日 11:35,刘学州应该先打110报案，告亲生父母贩卖他，同时在网上立案走民事诉讼要抚养费，另外把民政局也告了，民政局停了你的孤儿补助，虽然你还是限制行为能力人，但是你有诉权，告着告着你就长大了 ​
110,涟水指挥,2022年01月20日 11:31,【澎湃新闻：马上评｜刘学州被生母拉黑：不是每一场寻亲都能走向圆满】(分享自@澎湃新闻)#我读澎湃# O马上评｜刘学州被生母拉黑：不是每一场寻亲都能走向圆满 ​
111,川台影响四川栏目组,2022年01月20日 11:28,【#寻亲男孩刘学州将起诉亲生父母# 舅妈：与同父弟弟比心里有落差】1月19日，河北邢台15岁寻亲男孩刘学州被生母“拉黑”持续引发关注。刘学州称，将起诉亲生父母。寻亲男孩刘学州收养方舅妈发声称，刘学州懂事成熟，现在独自在外租房并兼职养活自己，提起诉讼是因为亲生父母的做法让他寒心，同时，和同 ​  展开c
112,太原亲戚买房,2022年01月20日 11:03,【#再遭遗弃寻亲男孩生父发声#：他希望我们现在就为他买房 实在办不到】1月17日，曾发布寻亲视频、在警方协助下与亲生父母相认的河北邢台男生刘学州发文称，自己与生父母发生争执后，被生母微信“拉黑”，再遭“遗弃”。 刘学州在某平台直播时称，争执的起因是自己一直居无定所，希望生父母能给自己一 ​  展开c
113,太原V房产,2022年01月20日 11:03,【#再遭遗弃寻亲男孩生父发声#：他希望我们现在就为他买房 实在办不到】1月17日，曾发布寻亲视频、在警方协助下与亲生父母相认的河北邢台男生刘学州发文称，自己与生父母发生争执后，被生母微信“拉黑”，再遭“遗弃”。 刘学州在某平台直播时称，争执的起因是自己一直居无定所，希望生父母能给自己一 ​  展开c
114,胡江波在北京,2022年01月20日 10:57,#寻亲男孩刘学州将起诉亲生父母#，舅妈：与同父弟弟比心里有落差。｜1月19日，河北邢台15岁寻亲男孩刘学州被生母“拉黑”持续引发关注。刘学州称，将起诉亲生父母。寻亲男孩刘学州收养方舅妈发声称，刘学州懂事成熟，现在独自在外租房并兼职养活自己，提起诉讼是因为亲生父母的做法让他寒心，同时，和 ​  展开c
115,木轻烟网络女作者,2022年01月20日 10:56,刘学州的父母真的是极品。就刘学州那娃娃， 满墙的奖状啊。这是多少家庭，多少父母，梦寐以求的娃娃。不但学习好，聪慧，还生的不错。落到哪家不是个宝贝疙瘩啊！就他父母目光短浅，买不起房子，给他租一个。同人不同命，他同父同母的弟弟，一出生就有房子。哎！他，被父母卖了，做彩礼。你让 ​  展开c
116,新京报,2022年01月20日 10:42,【#寻亲男孩刘学州将起诉亲生父母# 舅妈：与同父弟弟比心里有落差】1月19日，河北邢台15岁寻亲男孩刘学州被生母“拉黑”持续引发关注。刘学州称，将起诉亲生父母。寻亲男孩刘学州收养方舅妈发声称，刘学州懂事成熟，现在独自在外租房并兼职养活自己，提起诉讼是因为亲生父母的做法让他寒心，同时，和同 ​  展开c
117,断舍离的荣錦儿,2022年01月20日 10:27,刘学州认父母后续让人感很伤心，作为一个母亲尤其是离了婚的母亲如果没有自己的工作，她是没有能力去承担孩子的房租甚至于买房的钱，离了婚的父母大多数有后妈就有了后爹，有了后爹妈也不亲了，尤其是没有赚钱能力的妈妈，自己还要依靠着男人生活怎么能照顾你呢，刘学州要懂得人性，人本能都会为自己着 ​  展开c
118,武汉石佳律师,2022年01月20日 10:11,#寻亲男孩刘学州将起诉生父母#早年，3个月大的刘学州被父母卖掉。四岁的时候，刘学州养父母离世，二年级就在县城寄宿制学校上学。去年12月6日，刘学州在网上发布寻亲视频，在警方帮助下，很快找到了亲生父母，此时生父母已经离婚，各自有了新家庭。一家团圆后，生父母带刘学州到三亚旅游。从刘学州发 ​  展开c
119,内蒙古晨报,2022年01月20日 10:06,【#寻亲男孩刘学州将起诉生父母# 舅妈：与同父弟弟比心里有落差】1月19日，河北邢台15岁寻亲男孩刘学州被生母“拉黑”持续引发关注。刘学州称，将起诉亲生父母。#寻亲男孩刘学州收养方舅妈发声#称，刘学州懂事成熟，现在独自在外租房并兼职养活自己，提起诉讼是因为亲生父母的做法让他寒心，同时，和同 ​  展开c
120,人报融媒,2022年01月20日 10:04,#寻亲男孩将以遗弃罪起诉亲生父母#【#河北寻亲男孩准备起诉亲生父母#：起诉理由为遗弃罪和拐卖儿童罪】1月19日，河北寻亲男生刘学州发文称，本考虑放弃诉讼，但因亲生父母“颠倒黑白”，决定起诉，要与亲生父母“法庭见”。刘学州称，他准备起诉亲生父母，起诉理由为遗弃罪和拐卖儿童罪。2021年12月6日 ​  展开c
121,青海在线网官微,2022年01月20日 09:58,【#寻亲男孩刘学州将起诉生父母# 舅妈：与同父弟弟比心里有落差】1月19日，河北邢台15岁寻亲男孩刘学州被生母“拉黑”持续引发关注。刘学州称，将起诉亲生父母。#寻亲男孩刘学州收养方舅妈发声#称，刘学州懂事成熟，现在独自在外租房并兼职养活自己，提起诉讼是因为亲生父母的做法让他寒心，同时，和同 ​  展开c
122,S鹿鹿XX,2022年01月20日 09:42,一早上班就刷到了#寻亲男孩刘学州称再遭生父母遗弃# 粗略的看了下他的微博。然后  一上午整个人到目前为止都是极其压抑的。他才15岁啊！还是个未成年的孩子    我弟弟现在也是一般的年纪    还在过着衣来伸手饭来张口的日子    他却要承受比成年人更多的委屈跟谴责。所谓的谴责是来自亲生父母的，委屈 ​  展开c
123,大唐微记录,2022年01月20日 09:36,【#寻亲男孩刘学州将起诉生父母# 舅妈：与同父弟弟比心里有落差】1月19日，河北邢台15岁寻亲男孩刘学州被生母“拉黑”持续引发关注。刘学州称，将起诉亲生父母。#寻亲男孩刘学州收养方舅妈发声#称，刘学州懂事成熟，现在独自在外租房并兼职养活自己，提起诉讼是因为亲生父母的做法让他寒心，同时，和同 ​  展开c
124,广元日报看广元,2022年01月20日 09:33,【#寻亲男孩刘学州将起诉生父母# 舅妈：与同父弟弟比心里有落差】1月19日，河北邢台15岁寻亲男孩刘学州被生母“拉黑”持续引发关注。刘学州称，将起诉亲生父母。#寻亲男孩刘学州收养方舅妈发声#称，刘学州懂事成熟，现在独自在外租房并兼职养活自己，提起诉讼是因为亲生父母的做法让他寒心，同时，和同 ​  展开c
125,拍者Partner,2022年01月20日 09:21,【#寻亲男孩刘学州将起诉生父母# 舅妈：与同父弟弟比心里有落差】1月19日，河北邢台15岁寻亲男孩刘学州被生母“拉黑”持续引发关注。刘学州称，将起诉亲生父母。#寻亲男孩刘学州收养方舅妈发声#称，刘学州懂事成熟，现在独自在外租房并兼职养活自己，提起诉讼是因为亲生父母的做法让他寒心，同时，和同 ​  展开c
126,武汉交通广播,2022年01月20日 09:21,#896快讯# 再遭“遗弃”寻亲男孩生父发声：他希望我们现在给他买房，实在办不到 #寻亲男孩刘学州称再遭生父母遗弃# L武汉交通广播的微博视频 ​
127,优么喜剧,2022年01月20日 09:15,刘学州被生母拉黑：不是每一场寻亲都能走向圆满O刘学州被生母拉黑：不是每一场寻亲都能走向圆满 ​
128,爱自己是终生浪漫的开始_S,2022年01月20日 09:02,希望女孩子们都能向刘学州学习。 ​
129,南昌交通音乐广播,2022年01月20日 08:55,【#寻亲男孩刘学州将起诉生父母# 舅妈：与同父弟弟比心里有落差】1月19日，河北邢台15岁寻亲男孩刘学州被生母“拉黑”持续引发关注。刘学州称，将起诉亲生父母。#寻亲男孩刘学州收养方舅妈发声#称，刘学州懂事成熟，现在独自在外租房并兼职养活自己，提起诉讼是因为亲生父母的做法让他寒心，同时，和同 ​  展开c
130,mjxuxu,2022年01月20日 08:53,【#寻亲男孩刘学州将起诉生父母# 舅妈：与同父弟弟比心里有落差】1月19日，河北邢台15岁寻亲男孩刘学州被生母“拉黑”持续引发关注。刘学州称，将起诉亲生父母。#寻亲男孩刘学州收养方舅妈发声#称，刘学州懂事成熟，现在独自在外租房并兼职养活自己，提起诉讼是因为亲生父母的做法让他寒心，同时，和同 ​  展开c
131,新京报我们视频,2022年01月20日 08:50,【#寻亲男孩刘学州将起诉生父母# 舅妈：与同父弟弟比心里有落差】1月19日，河北邢台15岁寻亲男孩刘学州被生母“拉黑”持续引发关注。刘学州称，将起诉亲生父母。#寻亲男孩刘学州收养方舅妈发声#称，刘学州懂事成熟，现在独自在外租房并兼职养活自己，提起诉讼是因为亲生父母的做法让他寒心，同时，和同 ​  展开c
132,Double新鲜萃,2022年01月20日 08:46,#新闻看点# 寻亲男孩刘学州将起诉生父母 舅妈：与同父弟弟比心里有落差 O网页链接 ​
133,紧急呼叫,2022年01月20日 08:28,【#寻亲男孩刘学州将起诉生父母# 舅妈：与同父弟弟比心里有落差】1月19日，河北邢台15岁寻亲男孩刘学州被生母“拉黑”持续引发关注。刘学州称，将起诉亲生父母。#寻亲男孩刘学州收养方舅妈发声#称，刘学州懂事成熟，现在独自在外租房并兼职养活自己，提起诉讼是因为亲生父母的做法让他寒心，同时，和同 ​  展开c
134,麤龗齾靐龘,2022年01月20日 08:25,? 真不知道网络上那些抨击刘学州的人是不是水军啊？好迷惑的发言啊“起诉亲身父母的白眼狼”“那个年代抱养买卖小孩很正常”“当初把你卖掉也有他们的苦衷”“心机重，要不到房，就直播炒作卖惨，煽动网民网爆亲身父母”这对父母加起来结婚次数都快有10次了，人渣父亲更是有小三小四小五，几任 ​  展开c
135,河南那些事,2022年01月20日 08:21,【#再遭遗弃寻亲男孩生父发声#：他希望我们现在就为他买房 实在办不到】1月17日，曾发布寻亲视频、在警方协助下与亲生父母相认的河北邢台男生刘学州发文称，自己与生父母发生争执后，被生母微信“拉黑”，再遭“遗弃”。 刘学州在某平台直播时称，争执的起因是自己一直居无定所，希望生父母能给自己一 ​  展开c
136,笨猪呆蒙,2022年01月20日 08:02,前几天吃刘学州的瓜，现在相互撕，基因就是能量属性，谁又比谁好了 ​
137,晓磊,2022年01月20日 08:01,天啊！我泪目了！太心疼刘学州这孩子了！刘学州被自己亲生母亲拉黑！明明前几天还拉着儿子的手亲切合影，还要给儿子买衣服，还邀请儿子一块过年的啊！为何仅几日就翻脸不认儿了呢？ #刘学州# ​
138,散散有理,2022年01月20日 08:00,#刘学州#这父母是最最最无耻的父母了，甚至不配被称为父母 ​
139,老梁不郁闷,2022年01月20日 08:00,【刘学州表态起诉！聊聊法律上的几个问题】寻亲成功却被生母拉黑的刘学州表态“法庭见”，虽然一些信息还不确定，但可以从刑事和民事两个层面来分别解读，那么我来抛砖引玉，聊聊对其中几个法律问题的看法。#河北寻亲男孩准备起诉亲生父母# L老梁不郁闷的微博视频 ​
140,天冰灵空,2022年01月20日 07:29,刘学州被生母拉黑：不是每一场寻亲都能走向圆满O网页链接 ​
141,乐乐的小烦恼,2022年01月20日 07:13,有些父母是亲生的，却又不是亲生的，身在这样一个里里外外残缺的家庭，难受和生气是再所难免，因为一点小过错就引得他们发脾气，让我联想起近期刘学州的故事。这27年来，我感觉我自己生下来就是个错误，工作受挫，做微博常常被人诋毁和谩骂，父母的责备，亲人就好比陌生人一样压在我心口喘不过气，有时 ​  展开c
142,大象健康,2022年01月20日 07:03,寻亲男孩刘学州再发声：决定跟亲生父母“法庭见”2021年12月6日，河北17岁少年刘学州在网上寻亲，二十多天后，他终于见到了亲生父母。但2022年1月17日，刘学州称已被亲生母亲拉黑。其生母表示，自己与前夫都再婚了，刘学州逼着让他们离婚，还威胁说要房子，“寒心了”。19日凌晨，刘学州发文称，本考 ​  展开c
143,爱吃零食的高敏,2022年01月20日 06:23,｜河北寻亲男孩刘学州发文称再遭生父母遗弃｜疑被生母拉黑联系方式? ‍? @大爱重庆 L山城堂客的微博视频 ​
144,f小小沫沫,2022年01月20日 04:24,#寻亲男孩刘学州称被生母拉黑#拿刘学州和孙卓相比，我觉得很可笑，一个孩子从小出生在光亮里，养父母为了要个儿子养老送终对孙卓很好，姐姐们吃不上牛奶但是孙卓有，而刘学州养父母在他很小的时候就去世，他寄人篱下到处漂泊，有人说他心狠，比起他亲生父母卖了他，谁更狠，现在他们承受的是报应。 ​
145,凌晨刚醒,2022年01月20日 03:43,刘学州大半夜怎么了？发了个医院的定位。 ​
146,宁夏大事小事,2022年01月20日 02:56,#寻亲男孩将以遗弃罪起诉亲生父母#【#河北寻亲男孩准备起诉亲生父母#：起诉理由为遗弃罪和拐卖儿童罪】1月19日，河北寻亲男生刘学州发文称，本考虑放弃诉讼，但因亲生父母“颠倒黑白”，决定起诉，要与亲生父母“法庭见”。刘学州告诉齐鲁晚报·齐鲁壹点记者，他准备起诉亲生父母，起诉理由为遗弃罪和拐 ​  展开c
147,雨先生的休闲时间,2022年01月20日 02:14,19日凌晨，加拿大28日群寻亲男孩刘学州发文称，本考虑放弃诉讼，加拿大28日群但因亲生父母“颠倒黑白”，决定起诉，要与亲生父母“法庭见”。加拿大28日群此前，他于12月16日在网上寻找父母，后得与亲生父母见面，但因其向父母要房子一事被生母拉黑。律师表示，刘学州亲生父母 ​  展开c
148,3根小mi葱,2022年01月20日 00:13,『马上评｜刘学州被生母拉黑：不是每一场寻亲都能走向圆满』O马上评｜刘学州被生母拉黑：不是每一场寻亲都能走向圆满 ​
149,爱的痕迹没结局,2022年01月20日 00:10,#腾讯新闻# 刘京梅律师：【河北寻亲男孩称再遭亲生父母遗弃】2021年12月6日，河北邢台17岁少年刘学州在网上寻亲，二十多天后，他终于见到了自己的亲生父母。2022年1月17日，刘学州称目前已被亲生母亲拉黑，希望得到法律援助。18日中午，刘学州又称决定暂时放弃民事诉讼。18日晚6时，刘学州称，他已经 ​  展开c
150,爱的痕迹没结局,2022年01月20日 00:10,#腾讯新闻# 刘京梅律师：【河北寻亲男孩称再遭亲生父母遗弃】2021年12月6日，河北邢台17岁少年刘学州在网上寻亲，二十多天后，他终于见到了自己的亲生父母。2022年1月17日，刘学州称目前已被亲生母亲拉黑，希望得到法律援助。18日中午，刘学州又称决定暂时放弃民事诉讼。18日晚6时，刘学州称，他已经 ​  展开c
151,大唐微记录,2022年01月19日 23:23,【被生母“拉黑”的寻亲青年：既然父母没认识到错误 那法庭见】据上游新闻报道：在多数人眼里，寻亲成功，骨肉团圆，是极其幸运、圆满的。但是，天下不是每一场寻亲，都能走向圆满。2021年12月，河北省邢台市人、在石家庄读大二的刘学州受到孙海洋寻子成功的触动，给自己录了一段寻亲短视频：自己出 ​  展开c
152,湛泸剑,2022年01月19日 23:17,【被生母“拉黑”的寻亲青年：既然父母没认识到错误 那法庭见】据上游新闻报道：在多数人眼里，寻亲成功，骨肉团圆，是极其幸运、圆满的。但是，天下不是每一场寻亲，都能走向圆满。2021年12月，河北省邢台市人、在石家庄读大二的刘学州受到孙海洋寻子成功的触动，给自己录了一段寻亲短视频：自己出 ​  展开c
153,还是一个有梦的人,2022年01月19日 23:14,客观来讲，刘学州要房子的举动，确实不够“体谅”生活境遇一般、还有其他子女的生父母。但又如何能要求一位自小被抛弃，现在确实生活困窘的孩子处事周到、乖巧，格外善解人意？相反，倒是这对父母如果真是将孩子“抱养”给他人换钱，其行为则涉嫌遗弃罪、拐卖儿童罪。如果说刘学州的要求是不合理、不 ​  展开c
154,子蠓刘,2022年01月19日 22:55,发布了头条文章：《寻亲男孩刘学州找到父母后为何被拉黑，这位网友道出了人间的辛酸》  O寻亲男孩刘学州找到父母后为何被拉黑，这位网友道出了人间的辛酸 ​
155,爱喵喵滴汪汪,2022年01月19日 22:44,#河北邢台男生刘学州寻亲生父母# 刘学州在寻找亲生父母以前就知道自己是养父母买来的，养父母去世，个人受了很多苦这是肯定的。由苦生出来很多委屈怨恨，这也是肯定的。按一般人的想法，既然当时亲生父母已经把自己卖了，既然这么恨，是一辈子也不想见面的，但是这个孩子反其道而行之，有两个可能 ​  展开c
156,理理鸭毛,2022年01月19日 22:33,每次一刷到孙卓都觉得刘学州好惨，这俩对比太强烈了 ​
157,Lune_四月,2022年01月19日 22:10,#刘学州##刘学州决定起诉亲生父母# 看到一个评论，觉得很暖心孙海洋是伟大的父亲是所有被拐儿童父母的指路明灯。刘学州是坚强的孩子，是所有被弃孩子典型代表，是一道光。你这一战不是为了你自己，你代表的是所有被遗弃买卖掉的可怜的孩子们。 ​
158,杭州董哥,2022年01月19日 21:59,父母2次抛弃寻亲男孩构成犯罪吗 #父母2次抛弃寻亲男孩构成犯罪吗# 17岁的刘学州二度被父母抛弃，其父母构成犯罪吗？刘学州在3个月时被当时未婚先孕的父母卖了几千元，其父拿了这个钱作为彩礼送给了他的外婆。刘学州四岁时，养父母过世，直到14岁，才知道自己是被买，通过DNA找到了生身父母，双方 ​  展开c
159,橘子柠檬怪,2022年01月19日 21:58,#刘学州#首先亲生父母已经构成了买卖儿童罪，生而不养，这是最大的罪过。其次，造成今天这种情况的，归根结底还是因为父母。刘学州没有错，他没有生长在一个幸福的家庭，他所经历的苦难，寄人篱下的尴尬处境都是我们所不能感同身受的。受害者没有罪，有罪的是某些无良媒体的舆论轰击和亲生父母的冷血无 ​  展开c
160,小记杨威,2022年01月19日 21:46,寻亲男孩刘学州深夜发文起诉亲生父母：叫妈可以，要房拉黑#v光计划##刘学州# L小记杨威的微博视频 ​
161,武汉交通广播,2022年01月19日 21:40,#896快讯# 寻亲男孩刘学州生父丁先生称：刘学州要求父母现在就为他买房，刘学州发文否认并称要控诉亲生父母：非常抱歉！法庭见！#刘学州控诉亲生父母# #寻亲男孩刘学州称再遭生父母遗弃# L武汉交通广播的微博视频 ​
162,小小摇拉面,2022年01月19日 21:34,#河北寻亲遭母亲拉黑男孩放弃诉讼#【#河北寻亲遭母亲拉黑男孩放弃诉讼#：“放弃诉讼不代表原谅”】#河北寻亲遭母亲拉黑男孩放弃诉讼#3个月时被卖，4岁养父母去世，14岁知道自己是被买的。2021年12月6日，河北邢台17岁少年刘学州在网上寻亲，二十多天后，他终于见到了亲生父母。然而，事情并没有迎来圆 ​  展开c
163,小小摇拉面,2022年01月19日 21:34,#刘学州称生母借钱让自己去玩是撒谎#【#刘学州称生母借钱让自己去玩是撒谎#】1月19日13时27分，河北寻亲男孩刘学州发文回应生母借钱给自己去三亚玩系撒谎。他表示“认亲准备要出发回家了，给了我个钱让我给我生母买点礼物…早知道你们这样颠倒黑白，当时就不应该去，去了连家门都没让我进，还在采访里 ​  展开c
164,浩然之气777,2022年01月19日 21:24,2:/ .%刘学州曝出与生母电话录音 ，%刘学州生母埋怨养父母去世得早，声称如果不是他们，会把刘学州卖到更好的家庭；※※PXTsLAXx9p8※※扌丁开Þ¤ŬýŀŃ搜索蜥蜴人蛇族狼人蠕虫犹邪父母祸害了多少可怜的孩子！它们绝不配为人父母！决不能让它们再祸害少年儿童！绝对不配儿女孝顺它们蛇蝎豺狼吸血鬼！  ​  展开c
165,凌晨刚醒,2022年01月19日 21:22,刘学州要起诉亲生父母遗弃罪，这罪名一般是吃牢饭还是赔钱？ ​
166,正观视频,2022年01月19日 21:18,#寻亲男孩将以遗弃罪起诉亲生父母#【#河北寻亲男孩准备起诉亲生父母#：起诉理由为遗弃罪和拐卖儿童罪】1月19日，河北寻亲男生@刘学州a 发文称，本考虑放弃诉讼，但因亲生父母“颠倒黑白”，决定起诉，要与亲生父母“法庭见”。刘学州告诉齐鲁晚报·齐鲁壹点记者，他准备起诉亲生父母，起诉理由为遗弃罪 ​  展开c
167,青流视频,2022年01月19日 21:07,【#寻亲男孩被亲生母亲拉黑# 律师解读：生父母是否构成遗弃需要查清这些】#律师解读寻亲男孩被亲生母亲拉黑#近日，寻亲男孩刘学州称被亲生父母再次遗弃的话题引起网友关注。高朋律师事务所合伙人杨东学律师表示：在刘某陈述事件属实的条件下，根据现行生效法律规定，探讨刘某的生父母是否构成遗弃，判 ​  展开c
168,小强说9090,2022年01月19日 20:52,河北寻亲男孩刘学州，网络发声，称被生母拉黑，要和父母法庭见。 L小强说9090的微博视频 ​
169,ZhaoIIJia,2022年01月19日 20:50,看了一天孙海洋一家五口团聚 希望各个媒体都多给打拐家庭热度！让被拐儿童都快点回归亲生家庭 愿天下无拐！买卖同罪！看见姐姐孙悦回家抱弟弟孙卓 呀真的看哭了 14年来这一家人终于等来这一天的团聚 真好再去看刘学州亲生爸妈再次抛弃他 给他造成二次伤害 可生气不配为人父母 ​
170,小确幸_悠悠,2022年01月19日 20:36,#孙海洋一家五口首次团聚#孙卓的幸福是愿意刷到真心替他开心的，相比较刘学州真的不想刷到也不想看到，对他从心底的不喜欢，看到他的一切都觉得是那么卑微，厌恶他对亲情的向往厌恶他对父母的期待，也厌恶曾经的自己也是那样的，曾经我也是期盼着爸爸的想起，爸爸能给我打个电话，能看看我，也是在他的 ​  展开c
171,大河报,2022年01月19日 20:33,#寻亲男孩将以遗弃罪起诉亲生父母#【#河北寻亲男孩准备起诉亲生父母#：起诉理由为遗弃罪和拐卖儿童罪】1月19日，河北寻亲男生@刘学州a 发文称，本考虑放弃诉讼，但因亲生父母“颠倒黑白”，决定起诉，要与亲生父母“法庭见”。刘学州告诉齐鲁晚报·齐鲁壹点记者，他准备起诉亲生父母，起诉理由为遗弃罪 ​  展开c
172,与说在线,2022年01月19日 20:32,【团聚不到1个月 寻亲男孩称遭亲生母亲拉黑】去年12月，河北17岁男孩刘学州通过网络寻亲的消息引发关注。在警方的帮助下，刘学州与亲生父母相认，今年1月初还晒出与生母的合照。然而前两天，刘学州称被生母拉黑微信，还被其称为“白眼狼”。#寻亲遭生母拉黑男孩回应放弃诉讼#，到底发生了什么？>>￼团 ​  展开c
173,石家庄冀忆,2022年01月19日 20:29,【#再遭遗弃寻亲男孩生父发声#：他希望我们现在就为他买房 实在办不到】1月17日，曾发布寻亲视频、在警方协助下与亲生父母相认的河北邢台男生刘学州发文称，自己与生父母发生争执后，被生母微信“拉黑”，再遭“遗弃”。 刘学州在某平台直播时称，争执的起因是自己一直居无定所，希望生父母能给自己一 ​  展开c
174,都市时报,2022年01月19日 20:27,#寻亲男孩将以遗弃罪起诉亲生父母#【#河北寻亲男孩准备起诉亲生父母#：起诉理由为遗弃罪和拐卖儿童罪】1月19日，河北寻亲男生@刘学州a 发文称，本考虑放弃诉讼，但因亲生父母“颠倒黑白”，决定起诉，要与亲生父母“法庭见”。刘学州告诉齐鲁晚报·齐鲁壹点记者，他准备起诉亲生父母，起诉理由为遗弃罪 ​  展开c
175,VelproAndZZZ,2022年01月19日 20:27,晚上点进去了孙海洋一家人的直播，团团圆圆，说说笑笑，衷心为他们高兴；紧接着又刷到了刘学州寻母后又被拉黑的新闻，也不知道是年龄大了还是怎么的，看的想哭。满心欢喜以为自己的父母也辛辛苦苦找了自己很多年，找到后才知道自己原来是被卖掉的，才知道自己的出生日期。亲生父母又各自组建家庭，不 ​  展开c
176,纵横视频,2022年01月19日 20:27,#寻亲男孩将以遗弃罪起诉亲生父母#【#河北寻亲男孩准备起诉亲生父母#：起诉理由为遗弃罪和拐卖儿童罪】1月19日，河北寻亲男生@刘学州a 发文称，本考虑放弃诉讼，但因亲生父母“颠倒黑白”，决定起诉，要与亲生父母“法庭见”。刘学州告诉齐鲁晚报·齐鲁壹点记者，他准备起诉亲生父母，起诉理由为遗弃罪 ​  展开c
177,后浪视频,2022年01月19日 20:13,#寻亲男孩将以遗弃罪起诉亲生父母#【#河北寻亲男孩准备起诉亲生父母#：起诉理由为遗弃罪和拐卖儿童罪】1月19日，河北寻亲男生@刘学州a 发文称，本考虑放弃诉讼，但因亲生父母“颠倒黑白”，决定起诉，要与亲生父母“法庭见”。刘学州告诉齐鲁晚报·齐鲁壹点记者，他准备起诉亲生父母，起诉理由为遗弃罪 ​  展开c
178,生活Video,2022年01月19日 20:06,#寻亲男孩将以遗弃罪起诉亲生父母#【#河北寻亲男孩准备起诉亲生父母#：起诉理由为遗弃罪和拐卖儿童罪】1月19日，河北寻亲男生@刘学州a 发文称，本考虑放弃诉讼，但因亲生父母“颠倒黑白”，决定起诉，要与亲生父母“法庭见”。刘学州告诉齐鲁晚报·齐鲁壹点记者，他准备起诉亲生父母，起诉理由为遗弃罪 ​  展开c
179,齐鲁晚报,2022年01月19日 20:06,#寻亲男孩将以遗弃罪起诉亲生父母#【#河北寻亲男孩准备起诉亲生父母#：起诉理由为遗弃罪和拐卖儿童罪】1月19日，河北寻亲男生@刘学州a 发文称，本考虑放弃诉讼，但因亲生父母“颠倒黑白”，决定起诉，要与亲生父母“法庭见”。刘学州告诉齐鲁晚报·齐鲁壹点记者，他准备起诉亲生父母，起诉理由为遗弃罪 ​  展开c
180,果然视频,2022年01月19日 20:03,#寻亲男孩将以遗弃罪起诉亲生父母#【#河北寻亲男孩准备起诉亲生父母#：起诉理由为遗弃罪和拐卖儿童罪】1月19日，河北寻亲男生刘学州发文称，本考虑放弃诉讼，但因亲生父母“颠倒黑白”，决定起诉，要与亲生父母“法庭见”。刘学州告诉齐鲁晚报·齐鲁壹点记者，他准备起诉亲生父母，起诉理由为遗弃罪和拐 ​  展开c
181,mamoomatter,2022年01月19日 20:01,#孙海洋一家五口首次团聚#看了孙海洋一家，再想起前天看的刘学州寻亲的后续事情，只能说真的孙卓的父母亲人真的太好了，他们一家真的是被拐儿童事件中最圆满的结局了 ​
182,漂亮的张阿姨呀,2022年01月19日 19:51,寻亲男孩刘学州被生母拉黑#寻亲#刘学州#父母  L漂亮的张阿姨呀的微博视频 ​
183,红星新闻,2022年01月19日 19:50,【#刘学州再次考虑将亲生父母诉至法庭#】1月17日，3个月大时被拐走的河北寻亲男生刘学州发文称，自己与亲生父母相认后发生争执，被生母微信“拉黑”，再遭“遗弃”。随后，刘学州的亲生父母接受媒体采访称，争执的起因是刘学州要求生父生母为自己在河北买一套房子，但目前二人经济条件尚无法立刻为刘 ​  展开c
184,纵观滨州,2022年01月19日 19:43,【#再遭遗弃寻亲男孩生父发声#：他希望我们现在就为他买房，实在办不到】1月17日，曾发布寻亲视频、在警方协助下与亲生父母相认的河北邢台男生刘学州发文称，自己与生父母发生争执后，被生母微信“拉黑”，再遭“遗弃”。 刘学州在某平台直播时称，争执的起因是自己一直居无定所，希望生父母能给自己一 ​  展开c
185,JHRRPDK,2022年01月19日 19:28,寻亲男孩刘学州称将起诉生父母：把卖我说的那么理所当然，法庭见吧#快资讯# O网页链接对于网友的质疑，他表示：看到那些评论真的很搞笑，说他们经济能力有限，来攻击我的那些人……他有钱养小三，小四，却让自己亲生儿子拎着大包行李下火车找宾馆住？和小三小四在一起的时候怎么不说呢 ​  展开c
186,古月10768,2022年01月19日 19:20,在刘学州的微博底下看到好多脑can言论。 ​
187,高大哥i,2022年01月19日 19:10,#孙海洋一家五口首次团聚#14年后，在经历了那么多的不幸和痛苦之后，孙卓是幸运的，孙海洋一家也是幸运的。昨天看了刘学州的新闻，无限唏嘘。 ​
188,上游新闻看点,2022年01月19日 18:57,【被生母拉黑的寻亲青年刘学州：既然父母没认识到错误，那法庭见！】在多数人眼里，寻亲成功，骨肉团圆，是极其幸运、圆满的。但是，天下不是每一场寻亲，都能走向圆满。2021年12月，河北省邢台市人、在石家庄读大二的刘学州受到孙海洋寻子成功的触动，给自己录了一段寻亲短视频：自己出生在2004至200 ​  展开c
189,终生修养学习,2022年01月19日 18:55,【再遭遗弃寻亲男孩生父发声：他希望我们现在就为他买房，实在办不到】1月17日，曾发布寻亲视频、在警方协助下与亲生父母相认的河北邢台男生刘学州发文称，自己与生父母发生争执后，被生母微信“拉黑”，再遭“遗弃”。 刘学州在某平台直播时称，争执的起因是自己一直居无定所，希望生父母能给自己一个 ​
190,l13688正义之音,2022年01月19日 18:34,//分享网易新闻:《寻亲男孩刘学州称将起诉生父母：把卖我说的那么理所当然，法庭见吧》 O网页链接 @网易新闻客户端 #网易新闻# ​
191,青石鱼马,2022年01月19日 18:14,坚决支持刘学州起诉亲生父母买卖儿童，遗弃。跟他一样遭遇的，大有人在。不严惩这些这些卖孩子，弃养孩子的父母，就无法打击买卖儿童的犯罪分子。不要以为是生身父母就不用接受惩罚。有你们这些人的存在，就是被拐孩子寻亲家长最大的阻碍！小刘才15，一定要加油。挺住，未来可期！ ​
192,空山新雨的后来,2022年01月19日 18:11,寻亲男孩刘学州再发声：父母没认识到错误，决定“法庭见” O网页链接好，支持 ​
193,斯巴-达克斯,2022年01月19日 17:59,#刘学州称生母借钱让自己去玩是撒谎#把孩子送别人，确实构成遗弃罪，但是他养母抱来孩子养，也是违法行为，他可以轻松把自己亲生父母和养父母送进监狱…… ​
194,武汉交通广播,2022年01月19日 17:55,#896快讯# 再遭“遗弃”寻亲男孩生父发声，“希望我们现在为他买房，实在办不到”#寻亲男孩刘学州称再遭生父母遗弃# L武汉交通广播的微博视频 ​
195,漂亮的张阿姨呀,2022年01月19日 17:49,刘学州四岁时养父母丧生，成孤儿后仍努力学习奖状贴满墙，他说要活成自己的光！河北寻亲男孩刘学州称寻亲成功后又遭遗弃：生母已经把自己拉黑#刘学州4岁时养父母丧生成孤儿#孤儿#刘学州称要活成自己的光#自强不息  L漂亮的张阿姨呀的微博视频 ​
196,辣笔小尖椒818,2022年01月19日 17:48,#寻亲男孩刘学州称再遭生父母遗弃# O卖儿子挣彩礼，认亲后再抛弃！亲生父母才是最狠的“人贩子” ​
197,中国网直播,2022年01月19日 17:42,【寻亲男孩称再次遭亲生父母遗弃，生母：他逼我买房，生父：他炒作】近日，河北石家庄。河北寻亲男孩刘学州在社交媒体发文称自己再次遭到了亲生父母的“遗弃”。刘学州表示只想要一个家却遭到了亲生母亲拉黑。刘学州亲生母亲回应“自己经济条件有限，没有这个能力买房”。对此，刘学州亲生父亲也表示“ ​  展开c
198,凤凰网教育,2022年01月19日 17:40,【#再遭遗弃寻亲男孩生父发声#：他希望我们现在就为他买房 实在办不到】#寻亲男孩称遭亲生母亲拉黑#1月17日，曾发布寻亲视频、在警方协助下与亲生父母相认的河北邢台男生刘学州发文称，自己与生父母发生争执后，被生母微信“拉黑”，再遭“遗弃”。 刘学州在某平台直播时称，争执的起因是自己一直居无 ​  展开c
199,得一策法律大数据,2022年01月19日 17:39,#寻亲男孩生母称拉黑因被逼买房# #寻亲男孩决定起诉亲生父母#1月19日凌晨，曾发布寻亲视频、在警方协助下与亲生父母相认又再次遭遗弃的河北邢台男生刘学州发文称，疑似决定起诉亲生父母。当晚，刘学州的父母通过媒体发声。他们表示 刘学州逼着让他们离婚，还威胁说要房子，“寒心了”。根据《民法典 ​  展开c
200,法意法学大数据,2022年01月19日 17:37,#寻亲男孩生母称拉黑因被逼买房# #寻亲男孩决定起诉亲生父母#1月19日凌晨，曾发布寻亲视频、在警方协助下与亲生父母相认又再次遭遗弃的河北邢台男生刘学州发文称，疑似决定起诉亲生父母。当晚，刘学州的父母通过媒体发声。他们表示 刘学州逼着让他们离婚，还威胁说要房子，“寒心了”。根据《民法典 ​  展开c
201,三秦房管家,2022年01月19日 17:33,【河北寻亲男孩发文称再次遭亲生父母遗弃，生母回应：他逼我买房，生父：他炒作】近日，河北石家庄，河北寻亲男孩刘学州在社交媒体发文称自己再次遭到了亲生父母的“遗弃”。刘学州表示只想要一个家却遭到了亲生母亲拉黑。刘学州亲生母亲回应“自己经济条件有限 没有这个能力买房”。对此刘学州亲生父 ​  展开c
202,中国律所管理,2022年01月19日 17:32,#寻亲男孩生母称拉黑因被逼买房# #寻亲男孩决定起诉亲生父母#1月19日凌晨，曾发布寻亲视频、在警方协助下与亲生父母相认又再次遭遗弃的河北邢台男生刘学州发文称，疑似决定起诉亲生父母。当晚，刘学州的父母通过媒体发声。他们表示 刘学州逼着让他们离婚，还威胁说要房子，“寒心了”。根据《民法典 ​  展开c
203,中国商报,2022年01月19日 17:31,【“反悔”了！寻亲男生刘学州称父母没认识到错误，决定“法庭见”】#河北寻亲男孩决定起诉亲生父母# 1月19日，河北寻亲男生刘学州发文称，本考虑放弃诉讼，但因亲生父母“颠倒黑白”，决定起诉，要与亲生父母“法庭见”。此前，其生母对媒体表示，认亲后本想弥补孩子，但没想到刘学州多次要求他们为其 ​  展开c
204,amy秀_123,2022年01月19日 17:28,1月18日，#刘学州曝光与生母对话录音 ，生母怒吼：谁让他们抱的，他们不抱还有更好的人家抱。 ##快手# @快手 L九派新闻的快手视频 ​
205,看见河北北哥,2022年01月19日 17:22,【#再遭遗弃寻亲男孩生父发声#：他希望我们现在就为他买房 实在办不到】1月17日，曾发布寻亲视频、在警方协助下与亲生父母相认的河北邢台男生刘学州发文称，自己与生父母发生争执后，被生母微信“拉黑”，再遭“遗弃”。 刘学州在某平台直播时称，争执的起因是自己一直居无定所，希望生父母能给自己一 ​  展开c
206,凯风巧遇,2022年01月19日 17:13,#寻亲男孩刘学州被生母拉黑#又不是他愿意来到这世界，为何要承受这不该承受的苦难，建议刑拘他亲父母，把儿子当换取钱财的物品，突破道德底线，为何不法律起诉，惩罚这道德的沦丧。 ​
207,coldsnow34,2022年01月19日 17:08,刘学州事件具有一定的复杂性，和孙海洋寻子不是一个性质，1.刘是被卖掉的，能做出卖孩子行为的父母，本身素质高不到哪去，属于人品有大瑕疵的，在他们卖出这孩子的那一瞬间，意味着对这孩子已经没有亲情，这孩子对他们来说不重要！所以多年后，孩子找上他们，本身就麻烦，相当于这当初送出去的，怎么又 ​  展开c
208,老井茶馆82,2022年01月19日 17:05,@刘学州a 有一个很好的比喻，假如你被狼咬掉一块肉，你回过头来对它说，你们给我点爱好吗？你觉得狼会给你吗？不会，它们不但不会，而且还会再咬你一口，因为，它们是狼。狼还护崽子，但人不是人后，比狼还狠。再举一个例子，一对夫妻从孩子已降生起，就想尽一切办法利用他，榨干他。那么，等这个 ​  展开c
209,philiaham,2022年01月19日 17:03,这几天看刘学州的事情气得不行，不知道为什么有的网友可以这么刻薄去苛责一个15岁的小孩你十五岁还在撒泼打滚问爸妈要零花钱，人家十五岁在打工赚钱要房子算什么，赶紧把这对破爹妈送进去吃牢饭 ​
210,换换回收,2022年01月19日 16:47,"19日凌晨，寻亲男孩刘学州发文称，本考虑放弃诉讼，但因亲生父母“颠倒黑白”，决定起诉，要与亲生父母“法庭见”。想要买卖二手物品的朋友，推荐一个二手闲置交易和官方卖靓机的平台换换二手交易平台原换换回收,有需要#手机买卖#的朋友，速戳 app下载：O网页链接微信小程序： ​  展开c"
211,新晚报,2022年01月19日 16:42,【寻亲男孩要求生父母买房被指白眼狼 生父首发声】1月17日，寻亲男孩刘学州发文称，自己与生父母发生争执后，被生母“拉黑”，再遭“遗弃”。此前，从发现身份信息到找到生父生母，刘学州仅用了3个小时↓↓刘学州称，争执的起因是希望生父母能“给自己一个住处”。当年为何抛弃孩子？是否卖子换彩礼？ ​  展开c
212,星弧权益,2022年01月19日 16:41,【#寻亲男孩刘学州生母谈拉黑隐情#：想平静生活】1月17日，河北邢台刘学州寻亲成功后，自称被生母“拉黑”。其生母张女士告诉@紧急呼叫 ，“拉黑”只是想重新获得平静生活。张女士表示，认亲后本想弥补孩子，他们曾借钱让孩子去三亚旅游。她称，没想到刘学州多次要求他们为其购房，还威胁生父母分别离 ​  展开c
213,岳如云海,2022年01月19日 16:36,#寻亲男孩刘学州发文称将起诉其父母# 2021年12月6日，河北邢台17岁少年刘学州在网上寻亲，二十多天后，他终于见到了亲生父母。但1月17日，刘学州称目前已被亲生母亲拉黑，希望得到法律援助。19日凌晨，刘学州在社交平台发文表示本来已经打算放弃了，但是亲生父母“颠倒黑白，丝毫没有认识到自己错误” ​  展开c
214,周兆成律师,2022年01月19日 16:34,#寻亲男孩疑被生母拉黑# 律师：其父母已涉嫌犯罪        你这个白眼狼！与孙卓一家团聚完全不一样的是，为换取彩礼，三个月被亲生父母卖掉的河北男孩刘学州，在好不容易找到亲生父母时，却惨遭拉黑，并且被亲生父母的怒斥。        在2004年到2006年，刘学州在三个月大的时候，就被亲生父亲为换取彩 ​  展开c
215,大龙大声说,2022年01月19日 16:30,#大龙的睡前悄悄话# 17岁男孩自称幼时被父母卖掉，寻亲成功又遭母亲拉黑。3个月时被买，4岁养父母去世，14岁知道自己是被买的，17岁寻亲成功后又被亲生父母抛弃。#河北邢台男生刘学州寻亲生父母# #寻亲男孩刘学州称再遭生父母遗弃# #寻亲# L大龙大声说的微博视频 ​
216,每天学点经济学,2022年01月19日 16:25,河北邢台寻亲男生刘学州晒出一段与亲生母亲的对话录音，并在社交平台发文，称再遭亲生父母遗弃，疑被生母亲拉黑联系方式。#邢台# L每天学点经济学的微博视频 ​
217,红星网络电视台传媒集团,2022年01月19日 16:24,【#寻亲男孩决定起诉亲生父母# 】寻亲男孩刘学州再发声：父母没认识到错误，决定“法庭见”19日凌晨，寻亲男孩刘学州发文称，本考虑放弃诉讼，但因亲生父母“颠倒黑白”，决定起诉，要与亲生父母“法庭见”。此前，他于12月16日在网上寻找父母，后得与亲生父母见面，但因其向父母要房子一事被生母拉黑 ​  展开c
218,全民搞笑梗,2022年01月19日 16:23,19日凌晨，寻亲男孩刘学州发文称，本考虑放弃诉讼，但因亲生父母“颠倒黑白”，决定起诉，要与亲生父母“法庭见”。此前，他因住房问题被生母拉黑。#视频制作人出道计划##剧情制作人计划# L全民搞笑梗的微博视频 ​
219,用户6895090201,2022年01月19日 16:22,#刘学州a#不要跑偏了啊，遗弃罪！！！遗弃罪！！现在人一听到“买房”就把他酸死了呢，就开始心疼罪犯的钱了呢。三个工厂五个孩子小三小四一大堆的两口子不得偷偷笑死呢。“租房”两个字就全当看不见呢，抑郁了也不能去旅游呢，不然就是不够穷困，属实给我看懵逼了。直接这样吧，父母该坐的牢坐 ​  展开c
220,想想后天要吃啥,2022年01月19日 16:19,邢台寻亲男孩刘学州今天看见新闻准备起诉亲生父母，真的没想到何以为家的情节变成了现实。对于他亲生父母这种人，在他们心中只有利益没有亲情，对付这些人，如果心软受伤的就是自己，就像评论说的，善良必须带点锋芒。 ​
221,活着得有个样子YY,2022年01月19日 16:17,#刘学州# 真的好生气为什么会有人喷这个孩子呢就算真要房子又怎么了面对两个抛弃又卖掉自己的人难道还要感恩戴德？ ​
222,貌美的金刚芭比,2022年01月19日 15:54,17日，河北寻亲男孩刘学州发文称再遭亲生父母遗弃，疑被生母拉黑。刘学州表示，生母生下自己后将自己卖掉，生父将这笔钱用作彩礼。（封面新闻）  L貌美的金刚芭比的微博视频 ​
223,咸娱姐姐,2022年01月19日 15:47,1月17日消息，寻亲男孩刘学州已被亲妈删除！发声控诉亲妈质问亲爸，称再遭遗弃  L咸娱姐姐的微博视频 ​
224,东方网1站视频,2022年01月19日 15:46,【被亲生父母称逼迫买房后，刘学州：决定上法庭后，收到了生父道歉】被亲生父母称逼迫买房后，刘学州：决定上法庭后，收到了生父道歉#寻亲男孩刘学州称再遭生父母遗弃# #刘学州决定起诉亲生父母后收到生父道歉# L东方网1站视频的微博视频 ​​​
225,走读新生,2022年01月19日 15:43,发布了头条文章：《刘学州的亲生父母，一定要为他买套房吗？》  O刘学州的亲生父母，一定要为他买套房吗？ ​
226,湖北新闻,2022年01月19日 15:42,【再遭遗弃寻亲男孩刘学州：善良是有限的，法庭见！】#寻亲男孩疑似决定起诉亲生父母# #河北寻亲男孩称再遭亲生父母遗弃#  1月19日凌晨，曾发布寻亲视频、在警方协助下与亲生父母相认又再次遭遗弃的河北邢台男生刘学州发文称，“我的善良是有限的，本来已经打算放弃了，但是你们咎由自取，颠倒黑白，丝 ​  展开c
227,石家庄地铁君,2022年01月19日 15:40,【#再遭遗弃寻亲男孩生父发声#：他希望我们现在就为他买房 实在办不到】1月17日，曾发布寻亲视频、在警方协助下与亲生父母相认的河北邢台男生刘学州发文称，自己与生父母发生争执后，被生母微信“拉黑”，再遭“遗弃”。 刘学州在某平台直播时称，争执的起因是自己一直居无定所，希望生父母能给自己一 ​  展开c
228,冰阔落不加冰_靴靴,2022年01月19日 15:38,被寻亲男孩刘学洲的事情搞破防了#刘学州a# 15岁，我好像在上初中吧以为自己被拐的其实是被卖了4万换彩礼了（这不就是犯法嘛）养父母死的早，找见亲生父母发现父母都分别三婚四婚了，孩子都四五个，直呼好家伙啊没地方住想要个房，养父母不知道是掏不起钱还是不想给，（毕竟是卖了的孩子）其实买 ​  展开c
229,廖京宸,2022年01月19日 15:27,⊰河北邢台寻亲男孩刘学州在社交平台发文⊰称再遭亲生父母遗弃⊰疑被生母亲拉黑联系方式⊰? ‍? #正能量##走心视频# L大爱重庆的微博视频 ​
230,庄里微,2022年01月19日 15:15,#刘学州称生母借钱让自己去玩是撒谎#1月19日13时27分，河北寻亲男孩刘学州发文回应生母借钱给自己去三亚玩系撒谎。他表示“认亲准备要出发回家了，给了我个钱让我给我生母买点礼物…早知道你们这样颠倒黑白，当时就不应该去，去了连家门都没让我进，还在采访里说让我和你一起住!我的天!怎么可以理直气 ​  展开c
231,红星网络电视台传媒集团,2022年01月19日 15:04,【#寻亲男孩刘学州生母谈拉黑隐情# 】寻亲男孩刘学州生母谈拉黑隐情：想平静生活1月17日，河北邢台刘学州寻亲成功后，自称被生母“拉黑”。其生母张女士告诉记者，“拉黑”只是想重新获得平静生活。张女士表示，认亲后本想弥补孩子，他们曾借钱让孩子去三亚旅游。她称，没想到刘学州多次要求他们为其 ​  展开c
232,看度新闻,2022年01月19日 15:00,【#河北寻亲男孩控诉亲生父母# 买房一事成双方争论焦点 】1月19日，河北邢台被遗弃寻亲男孩刘学州通过社交平台回应称，其生父丁先生所言颠倒黑白，隔空喊话“法庭上见”。18日，刘学州生父丁先生在接受媒体采访时称，刘学州让母亲在石家庄买房子激化了矛盾。刘学州曾发文称担心牵连生父母无辜的孩子， ​  展开c
233,小肥鸭o,2022年01月19日 14:49,#刘学州称生母借钱让自己去玩是撒谎#真是对这个女的无语了，绝呀 ​
234,红星新闻,2022年01月19日 14:48,【#红星评论#丨因索要房子被生母“拉黑”？寻亲男孩“家”在何方】这几天，一面是“天才儿子”的故事全网刷屏，让无数人破防；一面是刘学州寻亲事件，让无数人感慨。亲人本是人生最后的堡垒。即使命运再颠沛流离，也不该有一个人被抛弃、被放弃。我们只有同乘一叶扁舟，心系对方才能冲破岁月的惊涛骇浪 ​  展开c
235,财宝掌柜,2022年01月19日 14:38,16岁的刘学州要起诉卖掉他的亲生父母，这是社会文明发展的进步！他也承受了巨大的压力，好在这孩子从小经受挫折磨难，面对这，些网络暴力希望他顶得住。 ​
236,朱长振,2022年01月19日 14:14,【#再遭遗弃寻亲男孩生父发声#：他希望我们现在就为他买房 实在办不到】1月17日，曾发布寻亲视频、在警方协助下与亲生父母相认的河北邢台男生刘学州发文称，自己与生父母发生争执后，被生母微信“拉黑”，再遭“遗弃”。 刘学州在某平台直播时称，争执的起因是自己一直居无定所，希望生父母能给自己一 ​  展开c
237,东瓜执事,2022年01月19日 14:09,【#刘学州称生母借钱让自己去玩是撒谎#】1月19日13时27分，河北寻亲男孩刘学州发文回应生母借钱给自己去三亚玩系撒谎。他表示“认亲准备要出发回家了，给了我个钱让我给我生母买点礼物…早知道你们这样颠倒黑白，当时就不应该去，去了连家门都没让我进，还在采访里说让我和你一起住!我的天!怎么可以理 ​  展开c
238,西部决策,2022年01月19日 14:07,【#刘学州称生母借钱让自己去玩是撒谎#】1月19日13时27分，河北寻亲男孩刘学州发文回应生母借钱给自己去三亚玩系撒谎。他表示“认亲准备要出发回家了，给了我个钱让我给我生母买点礼物…早知道你们这样颠倒黑白，当时就不应该去，去了连家门都没让我进，还在采访里说让我和你一起住!我的天!怎么可以理 ​  展开c
239,民生微事,2022年01月19日 14:03,发布了头条文章：《寻亲男孩刘学州称将起诉生父母：把卖我说的那么理所当然，法庭见吧》  O寻亲男孩刘学州称将起诉生父母：把卖我说的那么理所当然，法庭见吧 ​
240,阿超_港媒视点,2022年01月19日 14:01,【#寻亲男孩刘学州生母谈拉黑隐情#：想平静生活】1月17日，河北邢台刘学州寻亲成功后，自称被生母“拉黑”。其生母张女士告诉@紧急呼叫 ，“拉黑”只是想重新获得平静生活。张女士表示，认亲后本想弥补孩子，他们曾借钱让孩子去三亚旅游。她称，没想到刘学州多次要求他们为其购房，还威胁生父母分别离 ​  展开c
241,顶端新闻,2022年01月19日 13:59,【#寻亲男孩决定起诉亲生父母#：】19日凌晨，寻亲男孩刘学州发文称，本考虑放弃诉讼，但因亲生父母“颠倒黑白”，决定起诉，要与亲生父母“法庭见”。此前，他于12月16日在网上寻找父母，后得与亲生父母见面，但因其向父母要房子一事被生母拉黑。律师表示，刘学州亲生父母或涉嫌遗弃罪，刘学州向他们要 ​  展开c
242,麦穗视频,2022年01月19日 13:58,【#河北寻亲男孩控诉亲生父母# 买房一事成双方争论焦点 】1月19日，河北邢台被遗弃寻亲男孩刘学州通过社交平台回应称，其生父丁先生所言颠倒黑白，隔空喊话“法庭上见”。18日，刘学州生父丁先生在接受媒体采访时称，刘学州让母亲在石家庄买房子激化了矛盾。刘学州曾发文称担心牵连生父母无辜的孩子， ​  展开c
243,剥鲜竹笋,2022年01月19日 13:51,发布了头条文章：《刘学州准备起诉亲生父母了，称他们有钱养小三，却忍心让他住宾馆》  O刘学州准备起诉亲生父母了，称他们有钱养小三，却忍心让他住宾馆 ​
244,上游新闻看点,2022年01月19日 13:45,【#寻亲男孩刘学州再发声#：父母没认识到错误，决定“法庭见”】19日凌晨，寻亲男孩刘学州发文称，本考虑放弃诉讼，但因亲生父母“颠倒黑白”，决定起诉，要与亲生父母“法庭见”。（极目新闻）O上游新闻 L上游新闻的微博视频 ​
245,岑思颜,2022年01月19日 13:33,#寻亲男孩刘学州生母谈拉黑隐情#就是要房子也是应该的 我看就应该提起公诉 遗弃罪 这人就不爱这孩子 压根不用指望了 谁知道她说的是真是假呢 ​
246,胡侃大叔呀,2022年01月19日 13:25,#河北寻亲男孩儿刘学州曝光与生母录音“谁让他们抱的他们不抱还有更好的人家抱”  L胡侃大叔呀的微博视频 ​
247,光芒视频,2022年01月19日 13:17,【#河北寻亲男孩控诉亲生父母# 买房一事成双方争论焦点 】1月19日，河北邢台被遗弃寻亲男孩刘学州通过社交平台回应称，其生父丁先生所言颠倒黑白，隔空喊话“法庭上见”。18日，刘学州生父丁先生在接受媒体采访时称，刘学州让母亲在石家庄买房子激化了矛盾。刘学州曾发文称担心牵连生父母无辜的孩子， ​  展开c
248,蜂鸟Video,2022年01月19日 13:17,【#河北寻亲男孩控诉亲生父母# 买房一事成双方争论焦点 】1月19日，河北邢台被遗弃寻亲男孩刘学州通过社交平台回应称，其生父丁先生所言颠倒黑白，隔空喊话“法庭上见”。18日，刘学州生父丁先生在接受媒体采访时称，刘学州让母亲在石家庄买房子激化了矛盾。刘学州曾发文称担心牵连生父母无辜的孩子， ​  展开c
249,山海故事汇,2022年01月19日 13:17,【#河北寻亲男孩控诉亲生父母# 买房一事成双方争论焦点 】1月19日，河北邢台被遗弃寻亲男孩刘学州通过社交平台回应称，其生父丁先生所言颠倒黑白，隔空喊话“法庭上见”。18日，刘学州生父丁先生在接受媒体采访时称，刘学州让母亲在石家庄买房子激化了矛盾。刘学州曾发文称担心牵连生父母无辜的孩子， ​  展开c
250,漫点视频,2022年01月19日 13:17,【#河北寻亲男孩控诉亲生父母# 买房一事成双方争论焦点 】1月19日，河北邢台被遗弃寻亲男孩刘学州通过社交平台回应称，其生父丁先生所言颠倒黑白，隔空喊话“法庭上见”。18日，刘学州生父丁先生在接受媒体采访时称，刘学州让母亲在石家庄买房子激化了矛盾。刘学州曾发文称担心牵连生父母无辜的孩子， ​  展开c
251,汇光视频,2022年01月19日 13:17,【#河北寻亲男孩控诉亲生父母# 买房一事成双方争论焦点 】1月19日，河北邢台被遗弃寻亲男孩刘学州通过社交平台回应称，其生父丁先生所言颠倒黑白，隔空喊话“法庭上见”。18日，刘学州生父丁先生在接受媒体采访时称，刘学州让母亲在石家庄买房子激化了矛盾。刘学州曾发文称担心牵连生父母无辜的孩子， ​  展开c
252,庄里微,2022年01月19日 13:15,【#河北寻亲男孩称再遭亲生父母遗弃#】去年“河北邢台男孩刘学州寻亲”一事曾引网友广泛关注，2021年12月27日，记者从刘学州处获悉，警方匹配结果比对成功，已和亲生父亲见面。本以为事情已迎来圆满的结局，1月17日，@刘学州a 在社交平台发文，称再遭亲生父母遗弃，疑被生母亲拉黑联系方式。   ​  展开c
253,大鲁讯,2022年01月19日 13:01,【河北寻亲男孩#刘学州说生母已经把自己拉黑# 】1月17日，河北寻亲男孩刘学州告诉青豆新闻记者，生母已将其拉黑。刘学州称，因为自己一直在养家的舅舅这边借住，他认为自己已经找到亲生父母，便向他们提出想要有一间房，哪怕是租房子，有个落脚的地方就行。刘学州说亲生父母并不同意自己的提议，并认为 ​  展开c
254,大叔你懒趴掉了,2022年01月19日 12:55,刘学州亲生父母不会用微博，所以他们无法用微博为自己发声。所以大家在微博看不到他们的回应。刘学州这个男孩子固然是很可怜无辜，他提出买房的要求是不合理但可以理解，但是不是也应该给他父母一个替自己解释的机会？ ​
255,湾区在线,2022年01月19日 12:53,【#河北寻亲男孩控诉亲生父母# 买房一事成双方争论焦点 】1月19日，河北邢台被遗弃寻亲男孩刘学州通过社交平台回应称，其生父丁先生所言颠倒黑白，隔空喊话“法庭上见”。18日，刘学州生父丁先生在接受媒体采访时称，刘学州让母亲在石家庄买房子激化了矛盾。刘学州曾发文称担心牵连生父母无辜的孩子， ​  展开c
256,百姓关注,2022年01月19日 12:49,【#河北寻亲男孩控诉亲生父母# 买房一事成双方争论焦点 】1月19日，河北邢台被遗弃寻亲男孩刘学州通过社交平台回应称，其生父丁先生所言颠倒黑白，隔空喊话“法庭上见”。18日，刘学州生父丁先生在接受媒体采访时称，刘学州让母亲在石家庄买房子激化了矛盾。刘学州曾发文称担心牵连生父母无辜的孩子， ​  展开c
257,艾特你了,2022年01月19日 12:15,【寻亲男孩要求生父母买房被指白眼狼 生父首发声】1月17日，寻亲男孩刘学州发文称，自己与生父母发生争执后，被生母“拉黑”，再遭“遗弃”。此前，从发现身份信息到找到生父生母，刘学州仅用了3个小时↓↓刘学州称，争执的起因是希望生父母能“给自己一个住处”。当年为何抛弃孩子？是否卖子换彩礼？ ​  展开c
258,新浪视频,2022年01月19日 12:15,【寻亲男孩要求生父母买房被指白眼狼 生父首发声】1月17日，寻亲男孩刘学州发文称，自己与生父母发生争执后，被生母“拉黑”，再遭“遗弃”。此前，从发现身份信息到找到生父生母，刘学州仅用了3个小时↓↓刘学州称，争执的起因是希望生父母能“给自己一个住处”。当年为何抛弃孩子？是否卖子换彩礼？ ​  展开c
259,我爱围观,2022年01月19日 12:15,【寻亲男孩要求生父母买房被指白眼狼 生父首发声】1月17日，寻亲男孩刘学州发文称，自己与生父母发生争执后，被生母“拉黑”，再遭“遗弃”。此前，从发现身份信息到找到生父生母，刘学州仅用了3个小时↓↓刘学州称，争执的起因是希望生父母能“给自己一个住处”。当年为何抛弃孩子？是否卖子换彩礼？ ​  展开c
260,清河小娘子,2022年01月19日 12:12,这孩子，前脚说不起诉，咋我一觉醒来又决定起诉了呢？       仔细看了刘学州的所有视频，可以看到这是个努力去学习想改变现状的孩子！只是，这个孩子可能高估了人性的自私，在开口让父母买房子以后，被亲生母亲拉黑。      不过，这个孩子也太早熟了点，才15岁的年龄，就知道要房子要保障。孩子呀， ​  展开c
261,李晓达达达,2022年01月19日 12:12,我发现哈。有些网友对“讨公道还要钱”的行为特别不理解，谈个恋爱离个婚要钱不行，江歌妈管刘鑫要钱也不行，刘学州管父母要钱也不行，主要是要钱就是过分。这些网友是不是月花费500那种….. ​
262,尋覓永無鄉,2022年01月19日 11:58,不管刘学州认亲什么目的，他亲生父母以获利为目的卖掉他构成拐卖儿童罪了吧 （不是支持任何一个人的意思，建议停止网上逼逼赖赖在法院解决） ​
263,6504802342_174,2022年01月19日 11:45,【河北寻亲男孩#刘学州说生母已经把自己拉黑# 】1月17日，河北寻亲男孩刘学州告诉青豆新闻记者，生母已将其拉黑。刘学州称，因为自己一直在养家的舅舅这边借住，他认为自己已经找到亲生父母，便向他们提出想要有一间房，哪怕是租房子，有个落脚的地方就行。刘学州说亲生父母并不同意自己的提议，并认为 ​  展开c
264,魔鬼中的天使000125,2022年01月19日 11:42,#刘学州# 刚开始关注这个弟弟是觉得他长得挺帅的，也是希望他快点像孙卓那些被拐的孩子一样快点找点父母，好好学习，回归父母的怀抱。可真的就是网上说的不是所有父母都是孙海洋，不是所有孩子都有奥特曼爸爸。我记得我之前看孙卓认亲的时候忍不住流眼泪，父母奶奶拼命地寻找的那些视频，即使有了弟弟 ​  展开c
265,用户7459114002,2022年01月19日 11:40,最近被河北刘学州寻亲事件刷屏，颇有触感，我家里有个舅舅家寄养的妹妹，现年三十多岁了，三年前得了宫颈癌，现已控制住。从出生到结婚到患病，她经历了各种人间冷暖，好在她心大，否则这苦闷不是一般人能承受的。在她这三十几年的生活中的某些年头过的好些的时候，亲生父母数次上门各种要认回。最让人 ​  展开c
266,邢台星君,2022年01月19日 11:30,#再遭遗弃寻亲男孩生父发声#【#再遭遗弃寻亲男孩回应要房质疑#：要个家有错吗】#再遭遗弃寻亲男孩公开和生母对话录音# 1月18日凌晨2点，河北邢台寻亲男生刘学州发文回应“要房”质疑，他晒出房子照片，表示“这是我现在的家 我怎么去住？”照片中的家破败不堪，荒草丛生。他说“这一切是亲生父母卖我导 ​  展开c
267,WS偏执狂,2022年01月19日 11:18,河北寻亲男孩刘学州发文回应“要求生父母买房被指白眼狼”：我的善良是有限的，你们颠倒黑白。那么，法庭见！ LWS偏执狂的微博视频 ​
268,贺州反邪,2022年01月19日 11:07,【#寻亲男孩刘学州回应被亲生母亲拉黑# 因住房问题与母亲产生分歧】17日，一则刘学州称被亲生父母再次遗弃的话题再次引起网友关注。就在一个多月前，刘学州在河北警方的帮助下刚刚寻亲成功。17日晚，@刘学州a 告诉记者，一切都是因为“提到了利益的问题”。“在找他们之前，我一直是在不同的亲戚家借住 ​  展开c
269,扶摇上青云201902,2022年01月19日 11:05,#刘学州#你弃养我，我要套房，不然我就法院告你遗弃罪去坐牢，自己看着办吧。甭管是不是要房子，我站这孩子。自己亲骨肉卖掉就做好了以后他回来寻仇的准备吧 2哈尔滨·保利・公园九号 ​
270,vwblj685249,2022年01月19日 10:53,关注热点太累了，关注热点的普通人（非通过热点带货的人），初衷都是好的，希望你能熬过最难得岁月，将来有工资挣钱了，有一个安稳的日子，其他的忘记吧，别留恋了@刘学州a 加油！ ​
271,眉山天府新区,2022年01月19日 09:28,【#再遭遗弃寻亲男孩生父发声#：他希望我们现在就为他买房 实在办不到】1月17日，曾发布寻亲视频、在警方协助下与亲生父母相认的河北邢台男生刘学州发文称，自己与生父母发生争执后，被生母微信“拉黑”，再遭“遗弃”。 刘学州在某平台直播时称，争执的起因是自己一直居无定所，希望生父母能给自己一 ​  展开c
272,夏天的微笑好棒-徐志学,2022年01月19日 09:05,#刘学州曝出与生母电话录音，#刘学州生母埋怨养父母去世得早，声称如果不是他们，会把刘学州卖到更好的家庭 ##快手# @快手 L青豆新闻的快手视频 ​
273,amy秀_123,2022年01月19日 08:50,能找到自己的孩子是多大的恩德！不努力弥补，却再次抛弃！#寻亲男孩刘学州称被生母拉黑 #真人真事 #宝贝回家 ##快手# @快手 L二妮儿正能量的快手视频 ​
274,八戒二姨妈49355,2022年01月19日 08:32,我在看：【寻亲男孩刘学州生母谈“拉黑”隐情：想平静生活】 @新浪新闻 #跟新浪看热点# O网页链接 ——难道不对吗？您们应该给他一个家！ ​
275,战将妖哥,2022年01月19日 08:27,【#再遭遗弃寻亲男孩生父发声#：他希望我们现在就为他买房 实在办不到】1月17日，曾发布寻亲视频、在警方协助下与亲生父母相认的河北邢台男生刘学州发文称，自己与生父母发生争执后，被生母微信“拉黑”，再遭“遗弃”。 刘学州在某平台直播时称，争执的起因是自己一直居无定所，希望生父母能给自己一 ​  展开c
276,凤凰周刊,2022年01月19日 08:23,【#再遭遗弃寻亲男孩生父发声#：他希望我们现在就为他买房 实在办不到】1月17日，曾发布寻亲视频、在警方协助下与亲生父母相认的河北邢台男生刘学州发文称，自己与生父母发生争执后，被生母微信“拉黑”，再遭“遗弃”。 刘学州在某平台直播时称，争执的起因是自己一直居无定所，希望生父母能给自己一 ​  展开c
277,IN话题指南,2022年01月19日 08:22,【团聚不到1个月 寻亲男孩称遭亲生母亲拉黑】去年12月，河北17岁男孩刘学州通过网络寻亲的消息引发关注。在警方的帮助下，刘学州与亲生父母相认，今年1月初还晒出与生母的合照。然而前两天，刘学州称被生母拉黑微信，还被其称为“白眼狼”。#寻亲遭生母拉黑男孩回应放弃诉讼#，到底发生了什么？>> ​  展开c
278,新浪新闻,2022年01月19日 08:22,【团聚不到1个月 寻亲男孩称遭亲生母亲拉黑】去年12月，河北17岁男孩刘学州通过网络寻亲的消息引发关注。在警方的帮助下，刘学州与亲生父母相认，今年1月初还晒出与生母的合照。然而前两天，刘学州称被生母拉黑微信，还被其称为“白眼狼”。#寻亲遭生母拉黑男孩回应放弃诉讼#，到底发生了什么？>> ​  展开c
279,廖京宸,2022年01月19日 07:47,⊰河北寻亲男孩刘学州发文称再遭生父母遗弃⊰疑被生母拉黑联系方式? ‍? #走心视频# L大爱重庆的微博视频 ​
280,陇南同城,2022年01月19日 07:46,【#寻亲男孩刘学州生母谈拉黑隐情#：想平静生活】1月17日，河北邢台刘学州寻亲成功后，自称被生母“拉黑”。其生母张女士告诉@紧急呼叫 ，“拉黑”只是想重新获得平静生活。张女士表示，认亲后本想弥补孩子，他们曾借钱让孩子去三亚旅游。她称，没想到刘学州多次要求他们为其购房，还威胁生父母分别离 ​  展开c
281,河南广播电视台都市公益,2022年01月19日 07:44,【#寻亲遭生母拉黑男孩回应放弃诉讼#：“放弃诉讼不代表原谅”】#河北寻亲男孩疑被生母拉黑#3个月时被卖，4岁养父母去世，14岁知道自己是被买的。2021年12月6日，河北邢台17岁少年刘学州在网上寻亲，二十多天后，他终于见到了亲生父母。然而，事情并没有迎来圆满的结局。1月17日，刘学州称目前已被亲生 ​  展开c
282,新浪新闻客户端,2022年01月19日 07:22,【#寻亲遭生母拉黑男孩回应放弃诉讼#：“放弃诉讼不代表原谅”】3个月时被卖，4岁养父母去世，14岁知道自己是被买的。2021年12月6日，河北邢台17岁少年刘学州在网上寻亲，二十多天后，他终于见到了亲生父母。然而，事情并没有迎来圆满的结局。1月17日，刘学州称目前已被亲生母亲拉黑，还被其称为“白眼 ​  展开c
283,人民网河南频道,2022年01月19日 07:12,【#河北寻亲遭母亲拉黑男孩放弃诉讼#：“放弃诉讼不代表原谅”】#河北寻亲遭母亲拉黑男孩放弃诉讼#3个月时被卖，4岁养父母去世，14岁知道自己是被买的。2021年12月6日，河北邢台17岁少年刘学州在网上寻亲，二十多天后，他终于见到了亲生父母。然而，事情并没有迎来圆满的结局。1月17日，刘学州称目前已 ​  展开c
284,湖北新闻,2022年01月19日 05:59,【河北#寻亲男孩回应被亲生母亲拉黑# ：因住房问题产生分歧】1月17日，一则刘学州称被亲生父母再次遗弃的话题再次引起网友关注。就在一个多月前，刘学州在河北警方的帮助下刚刚寻亲成功。17日晚，刘学州告诉记者，一切都是因为“提到了利益的问题”。“在找他们之前，我一直是在不同的亲戚家借住，现在 ​  展开c
285,vsta,2022年01月19日 05:08,寻亲男孩刘学州发文，称再遭亲生父母遗弃，疑被生母亲拉黑联系方式。 [生而为赢]#放肆趣嗨迎新季# #拯救不开心# Lvsta的微博视频 ​
286,初见余生,2022年01月19日 04:50,天啊！我泪目了！太心疼刘学州这孩子了！刘学州被自己亲生母亲拉黑！明明前几天还拉着儿子的手亲切合影，还要给儿子买衣服，还邀请儿子一块过年的啊！为何仅几日就翻脸不认儿了呢？  #情感# ​
287,化春光,2022年01月19日 03:29,#寻亲男孩刘学州望生母帮买房遭拉黑#【被网友里的圣母气笑了！刘学州不应该放弃起诉】他刚出生就被卖掉，4岁养父母双亡，跟上姥姥生活，经常寄居亲戚家，能够健康长大已是万幸，你还要求他是完美的？何况，他还未成年，跟亲生父母提出扶养要求很正常啊，亲生母亲把人家拉黑算什么事？更搞笑的是，很 ​  展开c
288,wsn11daddy,2022年01月19日 02:30,咱就是说，希望国家能全力支持刘学州，做他坚实的后盾。让坏人得到应有的报应，承担应受的法律责任。改善一下现在的社会风气和愚昧思想，能够警示以后的人们:生孩子要三思，要负责，要不然就别生。 ​
289,刘学州a,2022年01月19日 00:29,当地司法局：全力帮助刘学州!感谢政府，感谢领导关心!感谢微博平台和网友们的关心❤️我想说，我的善良是有限的，本来已经打算放弃了，但是你们咎由自取，颠倒黑白，丝毫没有认识到自己错误，那么，非常抱歉!法庭见!#刘学州控诉亲生父母# L刘学州a的微博视频 ​
